Flight_Number,Airport,Direction,Date,From,To,Scheduled_Departure,Actual_Departure,Scheduled_Arrival,Actual_Arrival,Departure_Delay_Min,Arrival_Delay_Min
AI2591,Mumbai,Departure,2025-08-24,Mumbai (BOM),Indore (IDR),2025-08-24 09:40:00,2025-08-24 09:40:00,2025-08-24 11:15:00,2025-08-24 10:57:00,0.0,-18.0
AI2591,Mumbai,Departure,2025-08-24,Mumbai (BOM),Indore (IDR),2025-08-24 07:20:00,2025-08-24 07:39:00,2025-08-24 09:00:00,2025-08-24 08:40:00,19.0,-20.0
AI2591,Delhi,Arrival,2025-08-23,Indore (IDR),Delhi (DEL),2025-08-23 09:40:00,2025-08-23 09:38:00,2025-08-23 11:15:00,2025-08-23 10:51:00,-2.0,-24.0
AI2591,Mumbai,Departure,2025-08-23,Mumbai (BOM),Indore (IDR),2025-08-23 07:20:00,2025-08-23 07:33:00,2025-08-23 09:00:00,2025-08-23 08:33:00,13.0,-27.0
AI2591,Delhi,Arrival,2025-08-22,Indore (IDR),Delhi (DEL),2025-08-22 09:40:00,2025-08-22 09:47:00,2025-08-22 11:15:00,2025-08-22 11:00:00,7.0,-15.0
AI2591,Mumbai,Departure,2025-08-22,Mumbai (BOM),Indore (IDR),2025-08-22 07:20:00,2025-08-22 07:39:00,2025-08-22 09:00:00,2025-08-22 08:43:00,19.0,-17.0
AI2591,Delhi,Arrival,2025-08-21,Indore (IDR),Delhi (DEL),2025-08-21 09:40:00,2025-08-21 09:47:00,2025-08-21 11:15:00,2025-08-21 11:17:00,7.0,2.0
AI2591,Mumbai,Departure,2025-08-21,Mumbai (BOM),Indore (IDR),2025-08-21 07:20:00,2025-08-21 07:37:00,2025-08-21 09:00:00,2025-08-21 08:40:00,17.0,-20.0
AI2591,Delhi,Arrival,2025-08-20,Indore (IDR),Delhi (DEL),2025-08-20 09:40:00,2025-08-20 09:57:00,2025-08-20 11:15:00,2025-08-20 11:12:00,17.0,-3.0
AI2591,Mumbai,Departure,2025-08-20,Mumbai (BOM),Indore (IDR),2025-08-20 07:20:00,2025-08-20 07:40:00,2025-08-20 09:00:00,2025-08-20 08:46:00,20.0,-14.0
AI2591,Delhi,Arrival,2025-08-19,Indore (IDR),Delhi (DEL),2025-08-19 09:40:00,2025-08-19 09:46:00,2025-08-19 11:15:00,2025-08-19 11:01:00,6.0,-14.0
AI2591,Mumbai,Departure,2025-08-19,Mumbai (BOM),Indore (IDR),2025-08-19 07:20:00,2025-08-19 07:33:00,2025-08-19 09:00:00,2025-08-19 08:38:00,13.0,-22.0
AI2591,Delhi,Arrival,2025-08-18,Indore (IDR),Delhi (DEL),2025-08-18 09:40:00,2025-08-18 09:45:00,2025-08-18 11:15:00,2025-08-18 11:02:00,5.0,-13.0
AI2591,Mumbai,Departure,2025-08-18,Mumbai (BOM),Indore (IDR),2025-08-18 07:20:00,2025-08-18 07:31:00,2025-08-18 09:00:00,2025-08-18 08:35:00,11.0,-25.0
QP1491,Mumbai,Departure,2025-08-24,Mumbai (BOM),Varanasi (VNS),2025-08-24 17:00:00,,2025-08-24 19:20:00,2025-08-24 17:00:00,,-140.0
QP1491,Mumbai,Departure,2025-08-23,Mumbai (BOM),Varanasi (VNS),2025-08-23 17:00:00,2025-08-23 17:11:00,2025-08-23 19:20:00,2025-08-23 18:58:00,11.0,-22.0
QP1491,Mumbai,Departure,2025-08-22,Mumbai (BOM),Varanasi (VNS),2025-08-22 17:00:00,2025-08-22 17:09:00,2025-08-22 19:20:00,2025-08-22 18:59:00,9.0,-21.0
QP1491,Mumbai,Departure,2025-08-21,Mumbai (BOM),Varanasi (VNS),2025-08-21 17:00:00,2025-08-21 17:19:00,2025-08-21 19:20:00,2025-08-21 19:11:00,19.0,-9.0
QP1491,Mumbai,Departure,2025-08-20,Mumbai (BOM),Varanasi (VNS),2025-08-20 17:00:00,2025-08-20 17:19:00,2025-08-20 19:20:00,2025-08-20 19:13:00,19.0,-7.0
QP1491,Mumbai,Departure,2025-08-19,Mumbai (BOM),Varanasi (VNS),2025-08-19 17:00:00,2025-08-19 17:23:00,2025-08-19 19:20:00,2025-08-19 19:17:00,23.0,-3.0
QP1491,Mumbai,Departure,2025-08-18,Mumbai (BOM),Varanasi (VNS),2025-08-18 17:00:00,2025-08-18 17:42:00,2025-08-18 19:20:00,2025-08-18 19:38:00,42.0,18.0
QP1491,Mumbai,Departure,2025-08-17,Mumbai (BOM),Varanasi (VNS),2025-08-17 17:00:00,2025-08-17 17:17:00,2025-08-17 19:20:00,2025-08-17 19:09:00,17.0,-11.0
AI621,Mumbai,Departure,2025-08-23,Mumbai (BOM),Jaipur (JAI),2025-08-23 17:00:00,2025-08-23 17:14:00,2025-08-23 19:05:00,2025-08-23 18:42:00,14.0,-23.0
AI621,Mumbai,Departure,2025-08-22,Mumbai (BOM),Jaipur (JAI),2025-08-22 17:00:00,2025-08-22 17:38:00,2025-08-22 19:05:00,2025-08-22 19:00:00,38.0,-5.0
AI621,Mumbai,Departure,2025-08-21,Mumbai (BOM),Jaipur (JAI),2025-08-21 17:00:00,2025-08-21 17:10:00,2025-08-21 19:05:00,2025-08-21 18:35:00,10.0,-30.0
AI621,Mumbai,Departure,2025-08-20,Mumbai (BOM),Jaipur (JAI),2025-08-20 17:00:00,2025-08-20 17:09:00,2025-08-20 19:05:00,2025-08-20 18:32:00,9.0,-33.0
AI621,Mumbai,Departure,2025-08-19,Mumbai (BOM),Jaipur (JAI),2025-08-19 17:00:00,2025-08-19 17:42:00,2025-08-19 19:05:00,2025-08-19 19:15:00,42.0,10.0
AI621,Mumbai,Departure,2025-08-18,Mumbai (BOM),Jaipur (JAI),2025-08-18 17:00:00,2025-08-18 17:36:00,2025-08-18 19:05:00,2025-08-18 19:04:00,36.0,-1.0
AI621,Mumbai,Departure,2025-08-17,Mumbai (BOM),Jaipur (JAI),2025-08-17 17:00:00,2025-08-17 17:12:00,2025-08-17 19:05:00,2025-08-17 18:35:00,12.0,-30.0
6E2162,Mumbai,Departure,2025-08-23,Mumbai (BOM),Delhi (DEL),2025-08-23 17:00:00,2025-08-23 17:08:00,2025-08-23 19:15:00,2025-08-23 19:07:00,8.0,-8.0
6E2162,Mumbai,Departure,2025-08-22,Mumbai (BOM),Delhi (DEL),2025-08-22 17:00:00,2025-08-22 17:12:00,2025-08-22 19:15:00,2025-08-22 18:58:00,12.0,-17.0
6E2162,Mumbai,Departure,2025-08-21,Mumbai (BOM),Delhi (DEL),2025-08-21 17:00:00,2025-08-21 17:29:00,2025-08-21 19:15:00,2025-08-21 19:32:00,29.0,17.0
6E2162,Mumbai,Departure,2025-08-20,Mumbai (BOM),Delhi (DEL),2025-08-20 17:00:00,2025-08-20 17:47:00,2025-08-20 19:15:00,2025-08-20 19:32:00,47.0,17.0
6E2162,Mumbai,Departure,2025-08-19,Mumbai (BOM),Delhi (DEL),2025-08-19 17:00:00,2025-08-19 19:01:00,2025-08-19 19:15:00,2025-08-19 20:46:00,121.0,91.0
6E2162,Mumbai,Departure,2025-08-18,Mumbai (BOM),Delhi (DEL),2025-08-18 17:00:00,2025-08-18 18:06:00,2025-08-18 19:15:00,2025-08-18 19:43:00,66.0,28.0
6E2162,Mumbai,Departure,2025-08-17,Mumbai (BOM),Delhi (DEL),2025-08-17 17:00:00,2025-08-17 17:09:00,2025-08-17 19:15:00,2025-08-17 18:59:00,9.0,-16.0
IX257,Mumbai,Departure,2025-08-23,Mumbai (BOM),Abu Dhabi (AUH),2025-08-23 17:05:00,2025-08-23 17:24:00,2025-08-23 18:50:00,2025-08-23 18:31:00,19.0,-19.0
IX257,Mumbai,Departure,2025-08-22,Mumbai (BOM),Abu Dhabi (AUH),2025-08-22 17:05:00,2025-08-22 17:23:00,2025-08-22 18:50:00,2025-08-22 18:24:00,18.0,-26.0
IX257,Mumbai,Departure,2025-08-21,Mumbai (BOM),Abu Dhabi (AUH),2025-08-21 17:05:00,,2025-08-21 18:50:00,,,
IX257,Mumbai,Departure,2025-08-20,Mumbai (BOM),Abu Dhabi (AUH),2025-08-20 17:05:00,2025-08-20 19:43:00,2025-08-20 18:50:00,2025-08-20 20:43:00,158.0,113.0
IX257,Mumbai,Departure,2025-08-19,Mumbai (BOM),Abu Dhabi (AUH),2025-08-19 17:05:00,2025-08-19 17:54:00,2025-08-19 18:50:00,2025-08-19 19:06:00,49.0,16.0
IX257,Mumbai,Departure,2025-08-18,Mumbai (BOM),Abu Dhabi (AUH),2025-08-18 17:05:00,2025-08-18 17:44:00,2025-08-18 18:50:00,2025-08-18 18:41:00,39.0,-9.0
IX257,Mumbai,Departure,2025-08-17,Mumbai (BOM),Abu Dhabi (AUH),2025-08-17 17:05:00,2025-08-17 17:20:00,2025-08-17 18:50:00,2025-08-17 18:24:00,15.0,-26.0
6E5228,Mumbai,Departure,2025-08-23,Mumbai (BOM),Hyderabad (HYD),2025-08-23 17:10:00,2025-08-23 17:17:00,2025-08-23 18:40:00,2025-08-23 18:25:00,7.0,-15.0
6E5228,Mumbai,Departure,2025-08-22,Mumbai (BOM),Hyderabad (HYD),2025-08-22 17:10:00,2025-08-22 17:35:00,2025-08-22 18:40:00,2025-08-22 18:36:00,25.0,-4.0
6E5228,Mumbai,Departure,2025-08-21,Mumbai (BOM),Hyderabad (HYD),2025-08-21 17:10:00,2025-08-21 17:25:00,2025-08-21 18:40:00,2025-08-21 18:39:00,15.0,-1.0
6E5228,Mumbai,Departure,2025-08-20,Mumbai (BOM),Hyderabad (HYD),2025-08-20 17:10:00,2025-08-20 17:22:00,2025-08-20 18:40:00,2025-08-20 18:25:00,12.0,-15.0
6E5228,Mumbai,Departure,2025-08-19,Mumbai (BOM),Hyderabad (HYD),2025-08-19 17:10:00,2025-08-19 19:28:00,2025-08-19 18:40:00,2025-08-19 20:39:00,138.0,119.0
6E5228,Mumbai,Departure,2025-08-18,Mumbai (BOM),Hyderabad (HYD),2025-08-18 17:10:00,2025-08-18 18:30:00,2025-08-18 18:40:00,2025-08-18 19:44:00,80.0,64.0
6E5228,Mumbai,Departure,2025-08-17,Mumbai (BOM),Hyderabad (HYD),2025-08-17 17:10:00,2025-08-17 17:28:00,2025-08-17 18:40:00,2025-08-17 18:42:00,18.0,2.0
6E5048,Mumbai,Departure,2025-08-23,Mumbai (BOM),Chennai (MAA),2025-08-23 17:15:00,2025-08-23 17:16:00,2025-08-23 19:15:00,2025-08-23 18:47:00,1.0,-28.0
6E5048,Mumbai,Departure,2025-08-22,Mumbai (BOM),Chennai (MAA),2025-08-22 17:15:00,2025-08-22 17:25:00,2025-08-22 19:15:00,2025-08-22 19:08:00,10.0,-7.0
6E5048,Mumbai,Departure,2025-08-21,Mumbai (BOM),Chennai (MAA),2025-08-21 17:15:00,2025-08-21 17:23:00,2025-08-21 19:15:00,2025-08-21 18:59:00,8.0,-16.0
6E5048,Mumbai,Departure,2025-08-20,Mumbai (BOM),Chennai (MAA),2025-08-20 17:15:00,2025-08-20 17:49:00,2025-08-20 19:15:00,2025-08-20 19:22:00,34.0,7.0
6E5048,Mumbai,Departure,2025-08-19,Mumbai (BOM),Chennai (MAA),2025-08-19 17:15:00,2025-08-19 19:02:00,2025-08-19 19:15:00,2025-08-19 20:55:00,107.0,100.0
6E5048,Mumbai,Departure,2025-08-18,Mumbai (BOM),Chennai (MAA),2025-08-18 17:15:00,2025-08-18 17:52:00,2025-08-18 19:15:00,2025-08-18 19:26:00,37.0,11.0
6E5048,Mumbai,Departure,2025-08-17,Mumbai (BOM),Chennai (MAA),2025-08-17 17:15:00,2025-08-17 17:25:00,2025-08-17 19:15:00,2025-08-17 18:59:00,10.0,-16.0
6E327,Mumbai,Departure,2025-08-23,Mumbai (BOM),Goa (GOI),2025-08-23 17:20:00,2025-08-23 17:45:00,2025-08-23 18:30:00,2025-08-23 18:39:00,25.0,9.0
6E327,Mumbai,Departure,2025-08-22,Mumbai (BOM),Goa (GOI),2025-08-22 17:20:00,2025-08-22 18:12:00,2025-08-22 18:30:00,2025-08-22 18:58:00,52.0,28.0
6E327,Mumbai,Departure,2025-08-21,Mumbai (BOM),Goa (GOI),2025-08-21 17:20:00,2025-08-21 17:24:00,2025-08-21 18:30:00,2025-08-21 18:10:00,4.0,-20.0
6E327,Mumbai,Departure,2025-08-20,Mumbai (BOM),Goa (GOI),2025-08-20 17:20:00,2025-08-20 18:39:00,2025-08-20 18:30:00,2025-08-20 19:25:00,79.0,55.0
6E327,Mumbai,Departure,2025-08-19,Mumbai (BOM),Goa (GOI),2025-08-19 17:20:00,2025-08-19 18:40:00,2025-08-19 18:30:00,2025-08-19 19:27:00,80.0,57.0
6E327,Mumbai,Departure,2025-08-18,Mumbai (BOM),Goa (GOI),2025-08-18 17:20:00,2025-08-18 18:40:00,2025-08-18 18:30:00,2025-08-18 19:28:00,80.0,58.0
6E327,Mumbai,Departure,2025-08-17,Mumbai (BOM),Goa (GOI),2025-08-17 17:20:00,2025-08-17 17:53:00,2025-08-17 18:30:00,2025-08-17 18:41:00,33.0,11.0
AI681,Mumbai,Departure,2025-08-23,Mumbai (BOM),Cochin (COK),2025-08-23 17:20:00,2025-08-23 17:25:00,2025-08-23 19:15:00,2025-08-23 19:05:00,5.0,-10.0
AI681,Mumbai,Departure,2025-08-22,Mumbai (BOM),Cochin (COK),2025-08-22 17:20:00,2025-08-22 17:47:00,2025-08-22 19:15:00,2025-08-22 19:20:00,27.0,5.0
AI681,Mumbai,Departure,2025-08-21,Mumbai (BOM),Cochin (COK),2025-08-21 17:20:00,2025-08-21 17:36:00,2025-08-21 19:15:00,2025-08-21 19:10:00,16.0,-5.0
AI681,Mumbai,Departure,2025-08-20,Mumbai (BOM),Cochin (COK),2025-08-20 17:20:00,2025-08-20 17:37:00,2025-08-20 19:15:00,2025-08-20 19:17:00,17.0,2.0
AI681,Mumbai,Departure,2025-08-19,Mumbai (BOM),Cochin (COK),2025-08-19 17:20:00,2025-08-19 17:57:00,2025-08-19 19:15:00,2025-08-19 19:29:00,37.0,14.0
AI681,Mumbai,Departure,2025-08-18,Mumbai (BOM),Cochin (COK),2025-08-18 17:20:00,2025-08-18 18:08:00,2025-08-18 19:15:00,2025-08-18 19:39:00,48.0,24.0
AI681,Mumbai,Departure,2025-08-17,Mumbai (BOM),Cochin (COK),2025-08-17 17:20:00,2025-08-17 17:34:00,2025-08-17 19:15:00,2025-08-17 19:06:00,14.0,-9.0
6E582,Mumbai,Departure,2025-08-23,Mumbai (BOM),Rajahmundry (RJA),2025-08-23 17:25:00,2025-08-23 17:36:00,2025-08-23 19:10:00,2025-08-23 19:10:00,11.0,0.0
6E582,Mumbai,Departure,2025-08-22,Mumbai (BOM),Rajahmundry (RJA),2025-08-22 17:25:00,2025-08-22 17:44:00,2025-08-22 19:10:00,2025-08-22 19:15:00,19.0,5.0
6E582,Mumbai,Departure,2025-08-21,Mumbai (BOM),Rajahmundry (RJA),2025-08-21 17:25:00,2025-08-21 17:49:00,2025-08-21 19:10:00,2025-08-21 19:25:00,24.0,15.0
6E582,Mumbai,Departure,2025-08-20,Mumbai (BOM),Rajahmundry (RJA),2025-08-20 17:25:00,2025-08-20 17:42:00,2025-08-20 19:10:00,2025-08-20 19:10:00,17.0,0.0
6E582,Mumbai,Departure,2025-08-19,Mumbai (BOM),Rajahmundry (RJA),2025-08-19 17:25:00,2025-08-19 19:19:00,2025-08-19 19:10:00,2025-08-19 20:50:00,114.0,100.0
6E582,Mumbai,Departure,2025-08-18,Mumbai (BOM),Rajahmundry (RJA),2025-08-18 17:25:00,2025-08-18 18:16:00,2025-08-18 19:10:00,2025-08-18 19:48:00,51.0,38.0
6E582,Mumbai,Departure,2025-08-17,Mumbai (BOM),Rajahmundry (RJA),2025-08-17 17:25:00,2025-08-17 17:36:00,2025-08-17 19:10:00,2025-08-17 19:19:00,11.0,9.0
QP1124,Mumbai,Departure,2025-08-23,Mumbai (BOM),Kolkata (CCU),2025-08-23 17:30:00,2025-08-23 17:57:00,2025-08-23 20:25:00,2025-08-23 20:20:00,27.0,-5.0
QP1124,Mumbai,Departure,2025-08-23,Mumbai (BOM),Kolkata (CCU),,,,2025-08-23 03:13:00,,
QP1124,Mumbai,Departure,2025-08-22,Mumbai (BOM),Kolkata (CCU),2025-08-22 17:30:00,2025-08-22 18:21:00,2025-08-22 20:25:00,2025-08-22 20:48:00,51.0,23.0
QP1124,Mumbai,Departure,2025-08-21,Mumbai (BOM),Kolkata (CCU),2025-08-21 17:30:00,2025-08-21 17:52:00,2025-08-21 20:25:00,2025-08-21 20:19:00,22.0,-6.0
QP1124,Mumbai,Departure,2025-08-20,Mumbai (BOM),Kolkata (CCU),2025-08-20 17:30:00,2025-08-20 18:14:00,2025-08-20 20:25:00,2025-08-20 20:37:00,44.0,12.0
QP1124,Mumbai,Departure,2025-08-19,Mumbai (BOM),Kolkata (CCU),2025-08-19 17:30:00,2025-08-19 18:38:00,2025-08-19 20:25:00,2025-08-19 20:59:00,68.0,34.0
QP1124,Mumbai,Departure,2025-08-18,Mumbai (BOM),Kolkata (CCU),2025-08-18 17:30:00,2025-08-18 18:03:00,2025-08-18 20:25:00,2025-08-18 20:26:00,33.0,1.0
QP1124,Mumbai,Departure,2025-08-17,Mumbai (BOM),Kolkata (CCU),2025-08-17 17:30:00,2025-08-17 17:50:00,2025-08-17 20:25:00,2025-08-17 20:19:00,20.0,-6.0
AI2849,Mumbai,Departure,2025-08-23,Mumbai (BOM),Bengaluru (BLR),2025-08-23 17:30:00,2025-08-23 17:52:00,2025-08-23 19:30:00,2025-08-23 19:24:00,22.0,-6.0
AI2849,Mumbai,Departure,2025-08-22,Mumbai (BOM),Bengaluru (BLR),2025-08-22 17:30:00,2025-08-22 18:01:00,2025-08-22 19:30:00,2025-08-22 19:24:00,31.0,-6.0
AI2849,Mumbai,Departure,2025-08-21,Mumbai (BOM),Bengaluru (BLR),2025-08-21 17:30:00,2025-08-21 17:44:00,2025-08-21 19:30:00,2025-08-21 19:15:00,14.0,-15.0
AI2849,Mumbai,Departure,2025-08-20,Mumbai (BOM),Bengaluru (BLR),2025-08-20 17:30:00,2025-08-20 17:50:00,2025-08-20 19:30:00,2025-08-20 19:29:00,20.0,-1.0
AI2849,Mumbai,Departure,2025-08-19,Mumbai (BOM),Bengaluru (BLR),2025-08-19 17:30:00,2025-08-19 18:32:00,2025-08-19 19:30:00,2025-08-19 19:51:00,62.0,21.0
AI2849,Mumbai,Departure,2025-08-18,Mumbai (BOM),Bengaluru (BLR),2025-08-18 17:30:00,2025-08-18 18:57:00,2025-08-18 19:30:00,2025-08-18 20:23:00,87.0,53.0
AI2849,Mumbai,Departure,2025-08-17,Mumbai (BOM),Bengaluru (BLR),2025-08-17 17:30:00,2025-08-17 17:56:00,2025-08-17 19:30:00,2025-08-17 19:14:00,26.0,-16.0
AI2910,Mumbai,Departure,2025-08-23,Mumbai (BOM),Delhi (DEL),2025-08-23 17:30:00,2025-08-23 17:44:00,2025-08-23 20:00:00,2025-08-23 19:25:00,14.0,-35.0
AI2910,Mumbai,Departure,2025-08-22,Mumbai (BOM),Delhi (DEL),2025-08-22 17:30:00,2025-08-22 17:52:00,2025-08-22 20:00:00,2025-08-22 19:36:00,22.0,-24.0
AI2910,Mumbai,Departure,2025-08-21,Mumbai (BOM),Delhi (DEL),2025-08-21 17:30:00,2025-08-21 17:54:00,2025-08-21 20:00:00,2025-08-21 19:43:00,24.0,-17.0
AI2910,Mumbai,Departure,2025-08-20,Mumbai (BOM),Delhi (DEL),2025-08-20 17:30:00,2025-08-20 17:59:00,2025-08-20 20:00:00,2025-08-20 19:46:00,29.0,-14.0
AI2910,Mumbai,Departure,2025-08-19,Mumbai (BOM),Delhi (DEL),2025-08-19 17:30:00,2025-08-19 18:35:00,2025-08-19 20:00:00,2025-08-19 20:24:00,65.0,24.0
AI2910,Mumbai,Departure,2025-08-18,Mumbai (BOM),Delhi (DEL),2025-08-18 17:30:00,2025-08-18 18:15:00,2025-08-18 20:00:00,2025-08-18 19:59:00,45.0,-1.0
AI2910,Mumbai,Departure,2025-08-17,Mumbai (BOM),Delhi (DEL),2025-08-17 17:30:00,2025-08-17 18:28:00,2025-08-17 20:00:00,2025-08-17 20:08:00,58.0,8.0
6E936,Mumbai,Departure,2025-08-23,Mumbai (BOM),Vijayawada (VGA),2025-08-23 17:30:00,2025-08-23 17:34:00,2025-08-23 19:15:00,2025-08-23 19:04:00,4.0,-11.0
6E936,Mumbai,Departure,2025-08-22,Mumbai (BOM),Vijayawada (VGA),2025-08-22 17:30:00,2025-08-22 17:55:00,2025-08-22 19:15:00,2025-08-22 19:29:00,25.0,14.0
6E936,Mumbai,Departure,2025-08-21,Mumbai (BOM),Vijayawada (VGA),2025-08-21 17:30:00,2025-08-21 17:34:00,2025-08-21 19:15:00,2025-08-21 19:02:00,4.0,-13.0
6E936,Mumbai,Departure,2025-08-20,Mumbai (BOM),Vijayawada (VGA),2025-08-20 17:30:00,2025-08-20 17:44:00,2025-08-20 19:15:00,2025-08-20 19:05:00,14.0,-10.0
6E936,Mumbai,Departure,2025-08-19,Mumbai (BOM),Vijayawada (VGA),2025-08-19 17:30:00,2025-08-19 18:27:00,2025-08-19 19:15:00,2025-08-19 19:50:00,57.0,35.0
6E936,Mumbai,Departure,2025-08-18,Mumbai (BOM),Vijayawada (VGA),2025-08-18 17:30:00,2025-08-18 18:18:00,2025-08-18 19:15:00,2025-08-18 19:41:00,48.0,26.0
6E936,Mumbai,Departure,2025-08-17,Mumbai (BOM),Vijayawada (VGA),2025-08-17 17:30:00,2025-08-17 17:43:00,2025-08-17 19:15:00,2025-08-17 19:08:00,13.0,-7.0
6E5173,Mumbai,Departure,2025-08-23,Mumbai (BOM),Udaipur (UDR),2025-08-23 17:35:00,2025-08-23 17:39:00,2025-08-23 19:05:00,2025-08-23 18:40:00,4.0,-25.0
6E5173,Mumbai,Departure,2025-08-22,Mumbai (BOM),Udaipur (UDR),2025-08-22 17:35:00,2025-08-22 17:49:00,2025-08-22 19:05:00,2025-08-22 18:53:00,14.0,-12.0
6E5173,Mumbai,Departure,2025-08-21,Mumbai (BOM),Udaipur (UDR),2025-08-21 17:35:00,2025-08-21 17:39:00,2025-08-21 19:05:00,2025-08-21 18:44:00,4.0,-21.0
6E5173,Mumbai,Departure,2025-08-20,Mumbai (BOM),Udaipur (UDR),2025-08-20 17:35:00,2025-08-20 17:58:00,2025-08-20 19:05:00,2025-08-20 19:04:00,23.0,-1.0
6E5173,Mumbai,Departure,2025-08-19,Mumbai (BOM),Udaipur (UDR),2025-08-19 17:35:00,2025-08-19 18:53:00,2025-08-19 19:05:00,2025-08-19 19:54:00,78.0,49.0
6E5173,Mumbai,Departure,2025-08-18,Mumbai (BOM),Udaipur (UDR),2025-08-18 17:35:00,2025-08-18 18:09:00,2025-08-18 19:05:00,2025-08-18 19:14:00,34.0,9.0
6E5173,Mumbai,Departure,2025-08-17,Mumbai (BOM),Udaipur (UDR),2025-08-17 17:35:00,2025-08-17 17:48:00,2025-08-17 19:05:00,2025-08-17 19:06:00,13.0,1.0
AI2655,Mumbai,Departure,2025-08-23,Mumbai (BOM),Thiruvananthapuram (TRV),2025-08-23 17:40:00,2025-08-23 17:59:00,2025-08-23 20:00:00,2025-08-23 20:09:00,19.0,9.0
AI2655,Mumbai,Departure,2025-08-22,Mumbai (BOM),Thiruvananthapuram (TRV),2025-08-22 17:40:00,2025-08-22 18:09:00,2025-08-22 20:00:00,2025-08-22 20:01:00,29.0,1.0
AI2655,Mumbai,Departure,2025-08-21,Mumbai (BOM),Thiruvananthapuram (TRV),2025-08-21 17:40:00,2025-08-21 18:19:00,2025-08-21 20:00:00,2025-08-21 20:09:00,39.0,9.0
AI2655,Mumbai,Departure,2025-08-20,Mumbai (BOM),Thiruvananthapuram (TRV),2025-08-20 17:40:00,2025-08-20 18:00:00,2025-08-20 20:00:00,2025-08-20 19:51:00,20.0,-9.0
AI2655,Mumbai,Departure,2025-08-19,Mumbai (BOM),Thiruvananthapuram (TRV),2025-08-19 17:40:00,2025-08-19 18:46:00,2025-08-19 20:00:00,2025-08-19 20:35:00,66.0,35.0
AI2655,Mumbai,Departure,2025-08-18,Mumbai (BOM),Thiruvananthapuram (TRV),2025-08-18 17:40:00,2025-08-18 18:19:00,2025-08-18 20:00:00,2025-08-18 20:04:00,39.0,4.0
AI2655,Mumbai,Departure,2025-08-17,Mumbai (BOM),Thiruvananthapuram (TRV),2025-08-17 17:40:00,2025-08-17 18:25:00,2025-08-17 20:00:00,2025-08-17 20:11:00,45.0,11.0
AI2440,Mumbai,Departure,2025-08-23,Mumbai (BOM),Delhi (DEL),2025-08-23 18:00:00,2025-08-23 18:03:00,2025-08-23 20:25:00,2025-08-23 19:55:00,3.0,-30.0
AI2440,Mumbai,Departure,2025-08-22,Mumbai (BOM),Delhi (DEL),2025-08-22 18:00:00,2025-08-22 18:26:00,2025-08-22 20:25:00,2025-08-22 20:12:00,26.0,-13.0
AI2440,Mumbai,Departure,2025-08-20,Mumbai (BOM),Delhi (DEL),2025-08-20 18:00:00,2025-08-20 18:18:00,2025-08-20 20:25:00,2025-08-20 19:56:00,18.0,-29.0
AI2440,Mumbai,Departure,2025-08-19,Mumbai (BOM),Delhi (DEL),2025-08-19 18:00:00,2025-08-19 19:26:00,2025-08-19 20:25:00,2025-08-19 21:12:00,86.0,47.0
AI2440,Mumbai,Departure,2025-08-18,Mumbai (BOM),Delhi (DEL),2025-08-18 18:00:00,2025-08-18 18:27:00,2025-08-18 20:25:00,2025-08-18 20:15:00,27.0,-10.0
AI2440,Mumbai,Departure,2025-08-17,Mumbai (BOM),Delhi (DEL),2025-08-17 18:00:00,2025-08-17 18:07:00,2025-08-17 20:25:00,2025-08-17 19:55:00,7.0,-30.0
6E5047,Mumbai,Departure,2025-08-23,Mumbai (BOM),Bengaluru (BLR),2025-08-23 18:00:00,2025-08-23 18:01:00,2025-08-23 20:00:00,2025-08-23 19:34:00,1.0,-26.0
6E5047,Mumbai,Departure,2025-08-22,Mumbai (BOM),Bengaluru (BLR),2025-08-22 18:00:00,2025-08-22 18:15:00,2025-08-22 20:00:00,2025-08-22 19:33:00,15.0,-27.0
6E5047,Mumbai,Departure,2025-08-21,Mumbai (BOM),Bengaluru (BLR),2025-08-21 18:00:00,2025-08-21 18:00:00,2025-08-21 20:00:00,2025-08-21 19:24:00,0.0,-36.0
6E5047,Mumbai,Departure,2025-08-20,Mumbai (BOM),Bengaluru (BLR),2025-08-20 18:00:00,2025-08-20 17:57:00,2025-08-20 20:00:00,2025-08-20 19:24:00,-3.0,-36.0
6E5047,Mumbai,Departure,2025-08-19,Mumbai (BOM),Bengaluru (BLR),2025-08-19 18:00:00,2025-08-19 20:31:00,2025-08-19 20:00:00,2025-08-19 21:57:00,151.0,117.0
6E5047,Mumbai,Departure,2025-08-18,Mumbai (BOM),Bengaluru (BLR),2025-08-18 18:00:00,2025-08-18 19:53:00,2025-08-18 20:00:00,2025-08-18 21:18:00,113.0,78.0
6E5047,Mumbai,Departure,2025-08-17,Mumbai (BOM),Bengaluru (BLR),2025-08-17 18:00:00,2025-08-17 18:30:00,2025-08-17 20:00:00,2025-08-17 19:49:00,30.0,-11.0
6E6082,Mumbai,Departure,2025-08-23,Mumbai (BOM),Delhi (DEL),2025-08-23 18:00:00,2025-08-23 18:15:00,2025-08-23 20:15:00,2025-08-23 19:59:00,15.0,-16.0
6E6082,Mumbai,Departure,2025-08-22,Mumbai (BOM),Delhi (DEL),2025-08-22 18:00:00,2025-08-22 18:23:00,2025-08-22 20:15:00,2025-08-22 20:05:00,23.0,-10.0
6E6082,Mumbai,Departure,2025-08-21,Mumbai (BOM),Delhi (DEL),2025-08-21 18:00:00,2025-08-21 18:18:00,2025-08-21 20:15:00,2025-08-21 19:58:00,18.0,-17.0
6E6082,Mumbai,Departure,2025-08-20,Mumbai (BOM),Delhi (DEL),2025-08-20 18:00:00,2025-08-20 18:24:00,2025-08-20 20:15:00,2025-08-20 20:16:00,24.0,1.0
6E6082,Mumbai,Departure,2025-08-19,Mumbai (BOM),Delhi (DEL),2025-08-19 18:00:00,2025-08-19 19:57:00,2025-08-19 20:15:00,2025-08-19 21:42:00,117.0,87.0
6E6082,Mumbai,Departure,2025-08-18,Mumbai (BOM),Delhi (DEL),2025-08-18 18:00:00,2025-08-18 18:22:00,2025-08-18 20:15:00,2025-08-18 20:06:00,22.0,-9.0
6E6082,Mumbai,Departure,2025-08-17,Mumbai (BOM),Delhi (DEL),2025-08-17 18:00:00,2025-08-17 18:15:00,2025-08-17 20:15:00,2025-08-17 19:57:00,15.0,-18.0
AI573,Mumbai,Departure,2025-08-23,Mumbai (BOM),Chennai (MAA),2025-08-23 18:05:00,2025-08-23 18:18:00,2025-08-23 20:10:00,2025-08-23 19:58:00,13.0,-12.0
AI573,Mumbai,Departure,2025-08-22,Mumbai (BOM),Chennai (MAA),2025-08-22 18:05:00,2025-08-22 18:34:00,2025-08-22 20:10:00,2025-08-22 20:11:00,29.0,1.0
AI573,Mumbai,Departure,2025-08-21,Mumbai (BOM),Chennai (MAA),2025-08-21 18:05:00,2025-08-21 19:35:00,2025-08-21 20:10:00,2025-08-21 21:09:00,90.0,59.0
AI573,Mumbai,Departure,2025-08-20,Mumbai (BOM),Chennai (MAA),2025-08-20 17:05:00,2025-08-20 17:13:00,2025-08-20 19:05:00,2025-08-20 18:48:00,8.0,-17.0
AI573,Mumbai,Departure,2025-08-19,Mumbai (BOM),Chennai (MAA),2025-08-19 18:05:00,2025-08-19 18:45:00,2025-08-19 20:10:00,2025-08-19 20:34:00,40.0,24.0
AI573,Mumbai,Departure,2025-08-18,Mumbai (BOM),Chennai (MAA),2025-08-18 18:05:00,2025-08-18 19:27:00,2025-08-18 20:10:00,2025-08-18 21:08:00,82.0,58.0
AI573,Mumbai,Departure,2025-08-17,Mumbai (BOM),Chennai (MAA),2025-08-17 18:05:00,2025-08-17 18:36:00,2025-08-17 20:10:00,2025-08-17 20:16:00,31.0,6.0
AI2619,Mumbai,Departure,2025-08-23,Mumbai (BOM),Hyderabad (HYD),2025-08-23 18:10:00,2025-08-23 18:26:00,2025-08-23 19:45:00,2025-08-23 19:48:00,16.0,3.0
AI2619,Mumbai,Departure,2025-08-22,Mumbai (BOM),Hyderabad (HYD),2025-08-22 18:10:00,2025-08-22 18:39:00,2025-08-22 19:45:00,2025-08-22 19:44:00,29.0,-1.0
AI2619,Mumbai,Departure,2025-08-21,Mumbai (BOM),Hyderabad (HYD),2025-08-21 18:10:00,2025-08-21 18:25:00,2025-08-21 19:45:00,2025-08-21 19:36:00,15.0,-9.0
AI2619,Mumbai,Departure,2025-08-20,Mumbai (BOM),Hyderabad (HYD),2025-08-20 18:10:00,2025-08-20 18:19:00,2025-08-20 19:45:00,2025-08-20 19:31:00,9.0,-14.0
AI2619,Mumbai,Departure,2025-08-19,Mumbai (BOM),Hyderabad (HYD),2025-08-19 18:10:00,2025-08-19 18:43:00,2025-08-19 19:45:00,2025-08-19 20:04:00,33.0,19.0
AI2619,Mumbai,Departure,2025-08-18,Mumbai (BOM),Hyderabad (HYD),2025-08-18 18:10:00,2025-08-18 19:07:00,2025-08-18 19:45:00,2025-08-18 20:18:00,57.0,33.0
AI2619,Mumbai,Departure,2025-08-17,Mumbai (BOM),Hyderabad (HYD),2025-08-17 18:10:00,2025-08-17 18:39:00,2025-08-17 19:45:00,2025-08-17 19:52:00,29.0,7.0
QP584,Mumbai,Departure,2025-08-23,Mumbai (BOM),Abu Dhabi (AUH),2025-08-23 18:20:00,2025-08-23 18:45:00,2025-08-23 19:50:00,2025-08-23 19:53:00,25.0,3.0
QP584,Mumbai,Departure,2025-08-22,Mumbai (BOM),Abu Dhabi (AUH),2025-08-22 18:20:00,2025-08-22 18:56:00,2025-08-22 19:50:00,2025-08-22 20:00:00,36.0,10.0
QP584,Mumbai,Departure,2025-08-21,Mumbai (BOM),Abu Dhabi (AUH),2025-08-21 18:20:00,2025-08-21 18:33:00,2025-08-21 19:50:00,2025-08-21 19:40:00,13.0,-10.0
QP584,Mumbai,Departure,2025-08-20,Mumbai (BOM),Abu Dhabi (AUH),2025-08-20 18:20:00,2025-08-20 18:43:00,2025-08-20 19:50:00,2025-08-20 19:50:00,23.0,0.0
QP584,Mumbai,Departure,2025-08-19,Mumbai (BOM),Abu Dhabi (AUH),2025-08-19 18:20:00,2025-08-19 19:14:00,2025-08-19 19:50:00,2025-08-19 20:14:00,54.0,24.0
QP584,Mumbai,Departure,2025-08-18,Mumbai (BOM),Abu Dhabi (AUH),2025-08-18 18:20:00,2025-08-18 19:10:00,2025-08-18 19:50:00,2025-08-18 20:07:00,50.0,17.0
QP584,Mumbai,Departure,2025-08-17,Mumbai (BOM),Abu Dhabi (AUH),2025-08-17 18:20:00,2025-08-17 18:51:00,2025-08-17 19:50:00,2025-08-17 19:52:00,31.0,2.0
6E1455,Mumbai,Departure,2025-08-23,Mumbai (BOM),Dubai (DXB),2025-08-23 18:20:00,2025-08-23 18:40:00,2025-08-23 19:50:00,2025-08-23 19:44:00,20.0,-6.0
6E1455,Mumbai,Departure,2025-08-22,Mumbai (BOM),Dubai (DXB),2025-08-22 18:20:00,2025-08-22 18:37:00,2025-08-22 19:50:00,2025-08-22 19:43:00,17.0,-7.0
6E1455,Mumbai,Departure,2025-08-21,Mumbai (BOM),Dubai (DXB),2025-08-21 18:20:00,2025-08-21 18:27:00,2025-08-21 19:50:00,2025-08-21 19:21:00,7.0,-29.0
6E1455,Mumbai,Departure,2025-08-20,Mumbai (BOM),Dubai (DXB),2025-08-20 18:20:00,2025-08-20 18:35:00,2025-08-20 19:50:00,2025-08-20 19:31:00,15.0,-19.0
6E1455,Mumbai,Departure,2025-08-19,Mumbai (BOM),Dubai (DXB),2025-08-19 18:20:00,2025-08-19 19:23:00,2025-08-19 19:50:00,2025-08-19 20:23:00,63.0,33.0
6E1455,Mumbai,Departure,2025-08-18,Mumbai (BOM),Dubai (DXB),2025-08-18 18:20:00,2025-08-18 19:04:00,2025-08-18 19:50:00,2025-08-18 20:07:00,44.0,17.0
6E1455,Mumbai,Departure,2025-08-17,Mumbai (BOM),Dubai (DXB),2025-08-17 18:20:00,2025-08-17 18:44:00,2025-08-17 19:50:00,2025-08-17 19:37:00,24.0,-13.0
IX1243,Mumbai,Departure,2025-08-23,Mumbai (BOM),Goa (GOI),2025-08-23 18:25:00,2025-08-23 18:47:00,2025-08-23 19:40:00,2025-08-23 19:39:00,22.0,-1.0
IX1243,Mumbai,Arrival,2025-08-23,Bhubaneswar (BBI),Mumbai (BOM),2025-08-23 15:00:00,2025-08-23 15:29:00,2025-08-23 17:35:00,2025-08-23 17:27:00,29.0,-8.0
IX1243,Mumbai,Departure,2025-08-22,Mumbai (BOM),Goa (GOI),2025-08-22 18:25:00,2025-08-22 19:49:00,2025-08-22 19:40:00,2025-08-22 20:35:00,84.0,55.0
IX1243,Mumbai,Arrival,2025-08-22,Bhubaneswar (BBI),Mumbai (BOM),2025-08-22 15:00:00,2025-08-22 15:48:00,2025-08-22 17:35:00,2025-08-22 17:48:00,48.0,13.0
IX1243,Mumbai,Departure,2025-08-21,Mumbai (BOM),Goa (GOI),2025-08-21 18:25:00,2025-08-21 18:45:00,2025-08-21 19:40:00,2025-08-21 19:43:00,20.0,3.0
IX1243,Mumbai,Arrival,2025-08-21,Bhubaneswar (BBI),Mumbai (BOM),2025-08-21 15:00:00,2025-08-21 15:35:00,2025-08-21 17:35:00,2025-08-21 17:31:00,35.0,-4.0
IX1243,Mumbai,Departure,2025-08-20,Mumbai (BOM),Goa (GOI),2025-08-20 18:25:00,,2025-08-20 19:40:00,2025-08-20 18:25:00,,-75.0
IX1243,Mumbai,Arrival,2025-08-20,Bhubaneswar (BBI),Mumbai (BOM),2025-08-20 15:00:00,2025-08-20 16:12:00,2025-08-20 17:35:00,2025-08-20 18:14:00,72.0,39.0
IX1243,Mumbai,Departure,2025-08-19,Mumbai (BOM),Goa (GOI),2025-08-19 18:25:00,2025-08-19 19:33:00,2025-08-19 19:40:00,2025-08-19 20:25:00,68.0,45.0
IX1243,Mumbai,Arrival,2025-08-19,Bhubaneswar (BBI),Mumbai (BOM),2025-08-19 15:00:00,2025-08-19 16:00:00,2025-08-19 17:35:00,2025-08-19 18:09:00,60.0,34.0
IX1243,Mumbai,Departure,2025-08-18,Mumbai (BOM),Goa (GOI),2025-08-18 18:25:00,2025-08-18 19:43:00,2025-08-18 19:40:00,2025-08-18 20:28:00,78.0,48.0
IX1243,Mumbai,Arrival,2025-08-18,Bhubaneswar (BBI),Mumbai (BOM),2025-08-18 15:00:00,2025-08-18 16:12:00,2025-08-18 17:35:00,2025-08-18 18:13:00,72.0,38.0
IX1243,Mumbai,Departure,2025-08-17,Mumbai (BOM),Goa (GOI),2025-08-17 18:25:00,2025-08-17 19:06:00,2025-08-17 19:40:00,2025-08-17 19:53:00,41.0,13.0
IX1243,Mumbai,Arrival,2025-08-17,Bhubaneswar (BBI),Mumbai (BOM),2025-08-17 15:00:00,2025-08-17 15:27:00,2025-08-17 17:35:00,2025-08-17 17:38:00,27.0,3.0
6E2142,Delhi,Departure,2025-08-23,Delhi (DEL),Srinagar (SXR),2025-08-23 16:55:00,2025-08-23 17:04:00,2025-08-23 18:30:00,2025-08-23 18:01:00,9.0,-29.0
6E2142,Delhi,Departure,2025-08-22,Delhi (DEL),Srinagar (SXR),2025-08-22 16:55:00,2025-08-22 17:11:00,2025-08-22 18:30:00,2025-08-22 18:15:00,16.0,-15.0
6E2142,Delhi,Departure,2025-08-21,Delhi (DEL),Srinagar (SXR),2025-08-21 16:55:00,2025-08-21 17:08:00,2025-08-21 18:30:00,2025-08-21 18:18:00,13.0,-12.0
6E2142,Delhi,Departure,2025-08-20,Delhi (DEL),Srinagar (SXR),2025-08-20 16:55:00,2025-08-20 17:08:00,2025-08-20 18:30:00,2025-08-20 18:14:00,13.0,-16.0
6E2142,Delhi,Departure,2025-08-19,Delhi (DEL),Srinagar (SXR),2025-08-19 16:55:00,2025-08-19 17:06:00,2025-08-19 18:30:00,2025-08-19 18:14:00,11.0,-16.0
6E2142,Delhi,Departure,2025-08-18,Delhi (DEL),Srinagar (SXR),2025-08-18 16:55:00,2025-08-18 17:13:00,2025-08-18 18:30:00,2025-08-18 18:25:00,18.0,-5.0
6E2142,Delhi,Departure,2025-08-17,Delhi (DEL),Jammu (IXJ),2025-08-17 16:55:00,2025-08-17 17:09:00,2025-08-17 18:20:00,2025-08-17 18:07:00,14.0,-13.0
6E2023,Delhi,Departure,2025-08-23,Delhi (DEL),Bhubaneswar (BBI),2025-08-23 16:55:00,2025-08-23 17:18:00,2025-08-23 19:15:00,2025-08-23 19:08:00,23.0,-7.0
6E2023,Delhi,Departure,2025-08-22,Delhi (DEL),Bhubaneswar (BBI),2025-08-22 16:55:00,2025-08-22 17:10:00,2025-08-22 19:15:00,2025-08-22 18:56:00,15.0,-19.0
6E2023,Delhi,Departure,2025-08-21,Delhi (DEL),Bhubaneswar (BBI),2025-08-21 16:55:00,2025-08-21 17:31:00,2025-08-21 19:15:00,2025-08-21 19:18:00,36.0,3.0
6E2023,Delhi,Departure,2025-08-20,Delhi (DEL),Bhubaneswar (BBI),2025-08-20 16:55:00,2025-08-20 17:10:00,2025-08-20 19:15:00,2025-08-20 18:56:00,15.0,-19.0
6E2023,Delhi,Departure,2025-08-19,Delhi (DEL),Bhubaneswar (BBI),2025-08-19 16:55:00,2025-08-19 17:58:00,2025-08-19 19:15:00,2025-08-19 19:46:00,63.0,31.0
6E2023,Delhi,Departure,2025-08-18,Delhi (DEL),Bhubaneswar (BBI),2025-08-18 16:55:00,2025-08-18 17:17:00,2025-08-18 19:15:00,2025-08-18 19:04:00,22.0,-11.0
6E2023,Delhi,Departure,2025-08-17,Delhi (DEL),Bhubaneswar (BBI),2025-08-17 16:55:00,2025-08-17 17:12:00,2025-08-17 19:15:00,2025-08-17 19:01:00,17.0,-14.0
6E1345,Delhi,Departure,2025-08-23,Delhi (DEL),Doha (DOH),2025-08-23 17:00:00,2025-08-23 17:14:00,2025-08-23 18:30:00,2025-08-23 18:17:00,14.0,-13.0
6E1345,Delhi,Departure,2025-08-22,Delhi (DEL),Doha (DOH),2025-08-22 17:00:00,2025-08-22 17:10:00,2025-08-22 18:30:00,2025-08-22 18:21:00,10.0,-9.0
6E1345,Delhi,Departure,2025-08-21,Delhi (DEL),Doha (DOH),2025-08-21 17:00:00,2025-08-21 17:15:00,2025-08-21 18:30:00,2025-08-21 18:19:00,15.0,-11.0
6E1345,Delhi,Departure,2025-08-20,Delhi (DEL),Doha (DOH),2025-08-20 17:00:00,2025-08-20 17:16:00,2025-08-20 18:30:00,2025-08-20 18:20:00,16.0,-10.0
6E1345,Delhi,Departure,2025-08-19,Delhi (DEL),Doha (DOH),2025-08-19 17:00:00,2025-08-19 17:11:00,2025-08-19 18:30:00,2025-08-19 18:15:00,11.0,-15.0
6E1345,Delhi,Departure,2025-08-18,Delhi (DEL),Doha (DOH),2025-08-18 17:00:00,2025-08-18 17:27:00,2025-08-18 18:30:00,2025-08-18 18:18:00,27.0,-12.0
6E1345,Delhi,Departure,2025-08-17,Delhi (DEL),Doha (DOH),2025-08-17 17:00:00,2025-08-17 17:27:00,2025-08-17 18:30:00,2025-08-17 18:24:00,27.0,-6.0
IX1163,Mumbai,Departure,2025-08-23,Mumbai (BOM),Goa (GOX),2025-08-23 20:20:00,2025-08-23 22:59:00,2025-08-23 21:35:00,2025-08-23 23:46:00,159.0,131.0
IX1163,Delhi,Departure,2025-08-23,Delhi (DEL),Mumbai (BOM),2025-08-23 17:00:00,2025-08-23 19:49:00,2025-08-23 19:30:00,2025-08-23 21:38:00,169.0,128.0
IX1163,Mumbai,Departure,2025-08-22,Mumbai (BOM),Goa (GOX),2025-08-22 20:20:00,2025-08-22 20:40:00,2025-08-22 21:35:00,2025-08-22 21:29:00,20.0,-6.0
IX1163,Delhi,Departure,2025-08-22,Delhi (DEL),Mumbai (BOM),2025-08-22 17:00:00,2025-08-22 17:18:00,2025-08-22 19:25:00,2025-08-22 19:12:00,18.0,-13.0
IX1163,Mumbai,Departure,2025-08-21,Mumbai (BOM),Goa (GOX),2025-08-21 20:20:00,2025-08-21 20:39:00,2025-08-21 21:35:00,2025-08-21 21:28:00,19.0,-7.0
IX1163,Delhi,Departure,2025-08-21,Delhi (DEL),Mumbai (BOM),2025-08-21 17:00:00,2025-08-21 17:23:00,2025-08-21 19:30:00,2025-08-21 19:01:00,23.0,-29.0
IX1163,Mumbai,Departure,2025-08-20,Mumbai (BOM),Goa (GOX),2025-08-20 20:20:00,2025-08-20 20:48:00,2025-08-20 21:35:00,2025-08-20 21:37:00,28.0,2.0
IX1163,Delhi,Departure,2025-08-20,Delhi (DEL),Mumbai (BOM),2025-08-20 17:00:00,2025-08-20 17:13:00,2025-08-20 19:25:00,2025-08-20 18:57:00,13.0,-28.0
IX1163,Mumbai,Departure,2025-08-19,Mumbai (BOM),Goa (GOX),2025-08-19 20:20:00,2025-08-19 21:23:00,2025-08-19 21:35:00,2025-08-19 22:10:00,63.0,35.0
IX1163,Delhi,Departure,2025-08-19,Delhi (DEL),Mumbai (BOM),2025-08-19 17:00:00,2025-08-19 17:46:00,2025-08-19 19:30:00,2025-08-19 19:28:00,46.0,-2.0
IX1163,Mumbai,Departure,2025-08-18,Mumbai (BOM),Goa (GOX),2025-08-18 20:20:00,2025-08-18 21:07:00,2025-08-18 21:35:00,2025-08-18 21:58:00,47.0,23.0
IX1163,Delhi,Departure,2025-08-18,Delhi (DEL),Mumbai (BOM),2025-08-18 17:00:00,2025-08-18 17:40:00,2025-08-18 19:30:00,2025-08-18 19:33:00,40.0,3.0
IX1163,Mumbai,Departure,2025-08-17,Mumbai (BOM),Goa (GOX),2025-08-17 20:20:00,2025-08-17 20:33:00,2025-08-17 21:35:00,2025-08-17 21:21:00,13.0,-14.0
IX1163,Delhi,Departure,2025-08-17,Delhi (DEL),Mumbai (BOM),2025-08-17 17:00:00,2025-08-17 17:14:00,2025-08-17 19:30:00,2025-08-17 18:55:00,14.0,-35.0
6E864,Delhi,Departure,2025-08-23,Delhi (DEL),Mumbai (BOM),2025-08-23 17:00:00,2025-08-23 17:14:00,2025-08-23 19:20:00,2025-08-23 19:04:00,14.0,-16.0
6E864,Delhi,Departure,2025-08-22,Delhi (DEL),Mumbai (BOM),2025-08-22 17:00:00,2025-08-22 17:07:00,2025-08-22 19:20:00,2025-08-22 18:58:00,7.0,-22.0
6E864,Delhi,Departure,2025-08-21,Delhi (DEL),Mumbai (BOM),2025-08-21 17:00:00,2025-08-21 17:29:00,2025-08-21 19:20:00,2025-08-21 19:17:00,29.0,-3.0
6E864,Delhi,Departure,2025-08-20,Delhi (DEL),Mumbai (BOM),2025-08-20 17:00:00,2025-08-20 17:16:00,2025-08-20 19:20:00,2025-08-20 19:11:00,16.0,-9.0
6E864,Delhi,Departure,2025-08-19,Delhi (DEL),Mumbai (BOM),2025-08-19 17:00:00,2025-08-19 18:34:00,2025-08-19 19:20:00,2025-08-19 20:10:00,94.0,50.0
6E864,Delhi,Departure,2025-08-18,Delhi (DEL),Mumbai (BOM),2025-08-18 17:00:00,2025-08-18 17:45:00,2025-08-18 19:20:00,2025-08-18 19:48:00,45.0,28.0
6E864,Delhi,Departure,2025-08-17,Delhi (DEL),Mumbai (BOM),2025-08-17 17:15:00,2025-08-17 17:15:00,2025-08-17 19:00:00,2025-08-17 19:00:00,0.0,0.0
6E6217,Delhi,Departure,2025-08-23,Delhi (DEL),Hyderabad (HYD),2025-08-23 17:00:00,2025-08-23 17:17:00,2025-08-23 19:15:00,2025-08-23 19:16:00,17.0,1.0
6E6217,Delhi,Departure,2025-08-22,Delhi (DEL),Hyderabad (HYD),2025-08-22 17:00:00,2025-08-22 17:06:00,2025-08-22 19:15:00,2025-08-22 19:00:00,6.0,-15.0
6E6217,Delhi,Departure,2025-08-21,Delhi (DEL),Hyderabad (HYD),2025-08-21 17:00:00,2025-08-21 17:10:00,2025-08-21 19:15:00,2025-08-21 19:02:00,10.0,-13.0
6E6217,Delhi,Departure,2025-08-20,Delhi (DEL),Hyderabad (HYD),2025-08-20 17:00:00,2025-08-20 17:05:00,2025-08-20 19:15:00,2025-08-20 18:57:00,5.0,-18.0
6E6217,Delhi,Departure,2025-08-19,Delhi (DEL),Hyderabad (HYD),2025-08-19 17:00:00,2025-08-19 17:13:00,2025-08-19 19:15:00,2025-08-19 19:13:00,13.0,-2.0
6E6217,Delhi,Departure,2025-08-18,Delhi (DEL),Hyderabad (HYD),2025-08-18 17:00:00,2025-08-18 17:16:00,2025-08-18 19:15:00,2025-08-18 19:23:00,16.0,8.0
6E6217,Delhi,Departure,2025-08-17,Delhi (DEL),Hyderabad (HYD),2025-08-17 17:00:00,2025-08-17 17:08:00,2025-08-17 19:15:00,2025-08-17 19:08:00,8.0,-7.0
AI2601,Delhi,Departure,2025-08-23,Delhi (DEL),Chandigarh (IXC),2025-08-23 17:05:00,2025-08-23 17:32:00,2025-08-23 18:30:00,2025-08-23 18:02:00,27.0,-28.0
AI2601,Delhi,Departure,2025-08-22,Delhi (DEL),Chandigarh (IXC),2025-08-22 17:05:00,2025-08-22 17:22:00,2025-08-22 18:30:00,2025-08-22 17:50:00,17.0,-40.0
AI2601,Delhi,Departure,2025-08-21,Delhi (DEL),Chandigarh (IXC),2025-08-21 17:05:00,2025-08-21 17:23:00,2025-08-21 18:30:00,2025-08-21 17:58:00,18.0,-32.0
AI2601,Delhi,Departure,2025-08-20,Delhi (DEL),Chandigarh (IXC),2025-08-20 17:05:00,2025-08-20 17:18:00,2025-08-20 18:30:00,2025-08-20 17:50:00,13.0,-40.0
AI2601,Delhi,Departure,2025-08-19,Delhi (DEL),Chandigarh (IXC),2025-08-19 17:05:00,2025-08-19 17:09:00,2025-08-19 18:30:00,2025-08-19 17:43:00,4.0,-47.0
AI2601,Delhi,Departure,2025-08-18,Delhi (DEL),Chandigarh (IXC),2025-08-18 17:05:00,2025-08-18 17:20:00,2025-08-18 18:30:00,2025-08-18 17:56:00,15.0,-34.0
AI2601,Delhi,Departure,2025-08-17,Delhi (DEL),Chandigarh (IXC),2025-08-17 17:05:00,2025-08-17 18:59:00,2025-08-17 18:30:00,2025-08-17 19:34:00,114.0,64.0
6E2204,Delhi,Departure,2025-08-23,Delhi (DEL),Jaipur (JAI),2025-08-23 17:05:00,2025-08-23 17:15:00,2025-08-23 17:55:00,2025-08-23 17:52:00,10.0,-3.0
6E2204,Delhi,Departure,2025-08-22,Delhi (DEL),Jaipur (JAI),2025-08-22 17:05:00,2025-08-22 17:27:00,2025-08-22 17:55:00,2025-08-22 17:57:00,22.0,2.0
6E2204,Delhi,Departure,2025-08-21,Delhi (DEL),Jaipur (JAI),2025-08-21 17:05:00,2025-08-21 17:19:00,2025-08-21 17:55:00,2025-08-21 17:51:00,14.0,-4.0
6E2204,Delhi,Departure,2025-08-20,Delhi (DEL),Jaipur (JAI),2025-08-20 17:05:00,2025-08-20 17:19:00,2025-08-20 17:55:00,2025-08-20 18:04:00,14.0,9.0
6E2204,Delhi,Departure,2025-08-19,Delhi (DEL),Jaipur (JAI),2025-08-19 17:05:00,2025-08-19 18:22:00,2025-08-19 17:55:00,2025-08-19 18:57:00,77.0,62.0
6E2204,Delhi,Departure,2025-08-18,Delhi (DEL),Jaipur (JAI),2025-08-18 17:05:00,2025-08-18 17:15:00,2025-08-18 17:55:00,2025-08-18 17:51:00,10.0,-4.0
6E2204,Delhi,Departure,2025-08-17,Delhi (DEL),Jaipur (JAI),2025-08-17 17:05:00,2025-08-17 17:25:00,2025-08-17 17:55:00,2025-08-17 18:02:00,20.0,7.0
6E2319,Delhi,Departure,2025-08-23,Delhi (DEL),Lucknow (LKO),2025-08-23 17:10:00,2025-08-23 17:49:00,2025-08-23 18:15:00,2025-08-23 18:48:00,39.0,33.0
6E2319,Delhi,Departure,2025-08-22,Delhi (DEL),Lucknow (LKO),2025-08-22 17:10:00,2025-08-22 17:26:00,2025-08-22 18:15:00,2025-08-22 18:16:00,16.0,1.0
6E2319,Delhi,Departure,2025-08-21,Delhi (DEL),Lucknow (LKO),2025-08-21 17:10:00,2025-08-21 17:21:00,2025-08-21 18:15:00,2025-08-21 18:16:00,11.0,1.0
6E2319,Delhi,Departure,2025-08-20,Delhi (DEL),Lucknow (LKO),2025-08-20 17:10:00,2025-08-20 17:46:00,2025-08-20 18:15:00,2025-08-20 18:39:00,36.0,24.0
6E2319,Delhi,Departure,2025-08-19,Delhi (DEL),Lucknow (LKO),2025-08-19 17:10:00,2025-08-19 17:40:00,2025-08-19 18:15:00,2025-08-19 18:30:00,30.0,15.0
6E2319,Delhi,Departure,2025-08-18,Delhi (DEL),Lucknow (LKO),2025-08-18 17:10:00,2025-08-18 17:29:00,2025-08-18 18:15:00,2025-08-18 18:27:00,19.0,12.0
6E2319,Delhi,Departure,2025-08-17,Delhi (DEL),Lucknow (LKO),2025-08-17 17:10:00,2025-08-17 17:24:00,2025-08-17 18:15:00,2025-08-17 18:07:00,14.0,-8.0
AI237,Delhi,Departure,2025-08-23,Delhi (DEL),Dhaka (DAC),2025-08-23 17:20:00,2025-08-23 18:10:00,2025-08-23 20:20:00,2025-08-23 20:50:00,50.0,30.0
AI237,Delhi,Departure,2025-08-22,Delhi (DEL),Dhaka (DAC),2025-08-22 17:20:00,2025-08-22 17:31:00,2025-08-22 20:20:00,2025-08-22 20:05:00,11.0,-15.0
AI237,Delhi,Departure,2025-08-21,Delhi (DEL),Dhaka (DAC),2025-08-21 17:20:00,2025-08-21 17:40:00,2025-08-21 20:20:00,2025-08-21 20:15:00,20.0,-5.0
AI237,Delhi,Departure,2025-08-20,Delhi (DEL),Dhaka (DAC),2025-08-20 17:20:00,2025-08-20 17:34:00,2025-08-20 20:20:00,2025-08-20 20:05:00,14.0,-15.0
AI237,Delhi,Departure,2025-08-19,Delhi (DEL),Dhaka (DAC),2025-08-19 17:20:00,2025-08-19 17:45:00,2025-08-19 20:20:00,2025-08-19 20:16:00,25.0,-4.0
AI237,Delhi,Departure,2025-08-18,Delhi (DEL),Dhaka (DAC),2025-08-18 17:20:00,2025-08-18 17:28:00,2025-08-18 20:20:00,2025-08-18 19:58:00,8.0,-22.0
AI237,Delhi,Departure,2025-08-17,Delhi (DEL),Dhaka (DAC),2025-08-17 17:20:00,2025-08-17 17:33:00,2025-08-17 20:20:00,2025-08-17 20:05:00,13.0,-15.0
6E6316,Delhi,Departure,2025-08-23,Delhi (DEL),Guwahati (GAU),2025-08-23 17:20:00,2025-08-23 17:33:00,2025-08-23 19:45:00,2025-08-23 19:46:00,13.0,1.0
6E6316,Delhi,Departure,2025-08-22,Delhi (DEL),Guwahati (GAU),2025-08-22 17:20:00,2025-08-22 17:29:00,2025-08-22 19:45:00,2025-08-22 19:40:00,9.0,-5.0
6E6316,Delhi,Departure,2025-08-21,Delhi (DEL),Guwahati (GAU),2025-08-21 17:20:00,2025-08-21 17:35:00,2025-08-21 19:45:00,2025-08-21 19:40:00,15.0,-5.0
6E6316,Delhi,Departure,2025-08-20,Delhi (DEL),Guwahati (GAU),2025-08-20 17:20:00,2025-08-20 17:27:00,2025-08-20 19:45:00,2025-08-20 19:34:00,7.0,-11.0
6E6316,Delhi,Departure,2025-08-19,Delhi (DEL),Guwahati (GAU),2025-08-19 17:20:00,2025-08-19 17:25:00,2025-08-19 19:45:00,2025-08-19 19:30:00,5.0,-15.0
6E6316,Delhi,Departure,2025-08-18,Delhi (DEL),Guwahati (GAU),2025-08-18 17:20:00,2025-08-18 17:38:00,2025-08-18 19:45:00,2025-08-18 19:47:00,18.0,2.0
6E6316,Delhi,Departure,2025-08-17,Delhi (DEL),Guwahati (GAU),2025-08-17 17:20:00,2025-08-17 17:16:00,2025-08-17 19:45:00,2025-08-17 19:27:00,-4.0,-18.0
6E2149,Delhi,Departure,2025-08-23,Delhi (DEL),Chandigarh (IXC),2025-08-23 17:25:00,2025-08-23 17:38:00,2025-08-23 18:20:00,2025-08-23 18:09:00,13.0,-11.0
6E2149,Delhi,Departure,2025-08-22,Delhi (DEL),Chandigarh (IXC),2025-08-22 17:25:00,2025-08-22 17:34:00,2025-08-22 18:20:00,2025-08-22 18:07:00,9.0,-13.0
6E2149,Delhi,Departure,2025-08-21,Delhi (DEL),Chandigarh (IXC),2025-08-21 17:25:00,2025-08-21 17:37:00,2025-08-21 18:20:00,2025-08-21 18:17:00,12.0,-3.0
6E2149,Delhi,Departure,2025-08-20,Delhi (DEL),Chandigarh (IXC),2025-08-20 17:36:00,2025-08-20 17:36:00,2025-08-20 18:10:00,2025-08-20 18:10:00,0.0,0.0
6E2149,Delhi,Departure,2025-08-20,Delhi (DEL),Chandigarh (IXC),2025-08-20 17:25:00,,2025-08-20 18:20:00,2025-08-20 17:36:00,,-44.0
6E2149,Delhi,Departure,2025-08-19,Delhi (DEL),Chandigarh (IXC),2025-08-19 17:25:00,2025-08-19 17:49:00,2025-08-19 18:20:00,2025-08-19 18:24:00,24.0,4.0
6E2149,Delhi,Departure,2025-08-18,Delhi (DEL),Chandigarh (IXC),2025-08-18 17:25:00,2025-08-18 17:54:00,2025-08-18 18:20:00,2025-08-18 18:32:00,29.0,12.0
6E2149,Delhi,Departure,2025-08-17,Delhi (DEL),Chandigarh (IXC),2025-08-17 17:25:00,2025-08-17 17:42:00,2025-08-17 18:20:00,2025-08-17 18:22:00,17.0,2.0
6E2287,Delhi,Departure,2025-08-23,Delhi (DEL),Chennai (MAA),2025-08-23 17:30:00,2025-08-23 17:54:00,2025-08-23 20:20:00,2025-08-23 20:23:00,24.0,3.0
6E2287,Delhi,Departure,2025-08-22,Delhi (DEL),Chennai (MAA),2025-08-22 17:30:00,2025-08-22 17:43:00,2025-08-22 20:20:00,2025-08-22 20:16:00,13.0,-4.0
6E2287,Delhi,Departure,2025-08-21,Delhi (DEL),Chennai (MAA),2025-08-21 17:30:00,2025-08-21 17:41:00,2025-08-21 20:20:00,2025-08-21 20:01:00,11.0,-19.0
6E2287,Delhi,Departure,2025-08-20,Delhi (DEL),Chennai (MAA),2025-08-20 17:30:00,2025-08-20 17:59:00,2025-08-20 20:20:00,2025-08-20 20:21:00,29.0,1.0
6E2287,Delhi,Departure,2025-08-19,Delhi (DEL),Chennai (MAA),2025-08-19 17:30:00,2025-08-19 17:37:00,2025-08-19 20:20:00,2025-08-19 20:21:00,7.0,1.0
6E2287,Delhi,Departure,2025-08-18,Delhi (DEL),Chennai (MAA),2025-08-18 17:30:00,2025-08-18 17:51:00,2025-08-18 20:20:00,2025-08-18 20:28:00,21.0,8.0
6E2287,Delhi,Departure,2025-08-17,Delhi (DEL),Chennai (MAA),2025-08-17 17:30:00,2025-08-17 17:43:00,2025-08-17 20:20:00,2025-08-17 20:13:00,13.0,-7.0
9I627,Delhi,Departure,2025-08-23,Delhi (DEL),Indore (IDR),2025-08-23 17:30:00,2025-08-23 17:27:00,2025-08-23 19:40:00,2025-08-23 19:20:00,-3.0,-20.0
9I627,Delhi,Departure,2025-08-22,Delhi (DEL),Indore (IDR),2025-08-22 17:30:00,2025-08-22 17:32:00,2025-08-22 19:40:00,2025-08-22 19:07:00,2.0,-33.0
9I627,Delhi,Departure,2025-08-21,Delhi (DEL),Indore (IDR),2025-08-21 17:30:00,2025-08-21 17:45:00,2025-08-21 19:40:00,2025-08-21 19:35:00,15.0,-5.0
9I627,Delhi,Departure,2025-08-20,Delhi (DEL),Indore (IDR),2025-08-20 17:30:00,,2025-08-20 19:40:00,,,
9I627,Delhi,Departure,2025-08-19,Delhi (DEL),Indore (IDR),2025-08-19 17:30:00,2025-08-19 17:50:00,2025-08-19 19:40:00,2025-08-19 19:23:00,20.0,-17.0
9I627,Delhi,Departure,2025-08-18,Delhi (DEL),Indore (IDR),2025-08-18 17:30:00,,2025-08-18 19:40:00,,,
9I627,Delhi,Departure,2025-08-17,Delhi (DEL),Indore (IDR),2025-08-17 17:30:00,2025-08-17 17:38:00,2025-08-17 19:40:00,2025-08-17 19:18:00,8.0,-22.0
AI2403,Delhi,Departure,2025-08-23,Delhi (DEL),Kolkata (CCU),2025-08-23 17:30:00,2025-08-23 18:30:00,2025-08-23 19:45:00,2025-08-23 20:30:00,60.0,45.0
AI2403,Delhi,Arrival,2025-08-23,Chandigarh (IXC),Delhi (DEL),2025-08-23 15:30:00,2025-08-23 15:39:00,2025-08-23 16:35:00,2025-08-23 16:39:00,9.0,4.0
AI2403,Delhi,Departure,2025-08-22,Delhi (DEL),Kolkata (CCU),2025-08-22 17:30:00,2025-08-22 17:51:00,2025-08-22 19:45:00,2025-08-22 19:47:00,21.0,2.0
AI2403,Delhi,Arrival,2025-08-22,Chandigarh (IXC),Delhi (DEL),2025-08-22 15:30:00,2025-08-22 15:49:00,2025-08-22 16:35:00,2025-08-22 16:23:00,19.0,-12.0
AI2403,Delhi,Departure,2025-08-21,Delhi (DEL),Kolkata (CCU),2025-08-21 17:30:00,2025-08-21 17:53:00,2025-08-21 19:45:00,2025-08-21 19:49:00,23.0,4.0
AI2403,Delhi,Arrival,2025-08-21,Chandigarh (IXC),Delhi (DEL),2025-08-21 15:30:00,2025-08-21 15:42:00,2025-08-21 16:35:00,2025-08-21 16:24:00,12.0,-11.0
AI2403,Delhi,Departure,2025-08-20,Delhi (DEL),Kolkata (CCU),2025-08-20 17:30:00,2025-08-20 18:21:00,2025-08-20 19:45:00,2025-08-20 20:14:00,51.0,29.0
AI2403,Delhi,Arrival,2025-08-20,Chandigarh (IXC),Delhi (DEL),2025-08-20 15:30:00,2025-08-20 16:17:00,2025-08-20 16:35:00,2025-08-20 16:59:00,47.0,24.0
AI2403,Delhi,Departure,2025-08-19,Delhi (DEL),Kolkata (CCU),2025-08-19 17:30:00,2025-08-19 17:56:00,2025-08-19 19:45:00,2025-08-19 19:50:00,26.0,5.0
AI2403,Delhi,Arrival,2025-08-19,Chandigarh (IXC),Delhi (DEL),2025-08-19 15:30:00,2025-08-19 15:59:00,2025-08-19 16:35:00,2025-08-19 16:40:00,29.0,5.0
AI2403,Delhi,Departure,2025-08-18,Delhi (DEL),Kolkata (CCU),2025-08-18 17:30:00,2025-08-18 18:04:00,2025-08-18 19:45:00,2025-08-18 20:00:00,34.0,15.0
AI2403,Delhi,Arrival,2025-08-18,Chandigarh (IXC),Delhi (DEL),2025-08-18 15:30:00,2025-08-18 16:04:00,2025-08-18 16:35:00,2025-08-18 16:46:00,34.0,11.0
AI2403,Delhi,Departure,2025-08-17,Delhi (DEL),Kolkata (CCU),2025-08-17 17:30:00,2025-08-17 17:41:00,2025-08-17 19:45:00,2025-08-17 19:43:00,11.0,-2.0
6E2258,Delhi,Departure,2025-08-23,Delhi (DEL),Lucknow (LKO),2025-08-23 17:40:00,2025-08-23 17:51:00,2025-08-23 19:00:00,2025-08-23 18:54:00,11.0,-6.0
6E2258,Delhi,Departure,2025-08-22,Delhi (DEL),Lucknow (LKO),2025-08-22 17:40:00,2025-08-22 17:42:00,2025-08-22 19:00:00,2025-08-22 18:37:00,2.0,-23.0
6E2258,Delhi,Departure,2025-08-21,Delhi (DEL),Lucknow (LKO),2025-08-21 17:40:00,2025-08-21 17:47:00,2025-08-21 19:00:00,2025-08-21 18:44:00,7.0,-16.0
6E2258,Delhi,Departure,2025-08-20,Delhi (DEL),Lucknow (LKO),2025-08-20 17:40:00,2025-08-20 17:58:00,2025-08-20 19:00:00,2025-08-20 18:46:00,18.0,-14.0
6E2258,Delhi,Departure,2025-08-19,Delhi (DEL),Lucknow (LKO),2025-08-19 17:40:00,2025-08-19 17:50:00,2025-08-19 19:00:00,2025-08-19 18:43:00,10.0,-17.0
6E2258,Delhi,Departure,2025-08-18,Delhi (DEL),Lucknow (LKO),2025-08-18 17:40:00,2025-08-18 17:49:00,2025-08-18 19:00:00,2025-08-18 18:43:00,9.0,-17.0
6E2258,Delhi,Departure,2025-08-17,Delhi (DEL),Lucknow (LKO),2025-08-17 17:40:00,2025-08-17 17:46:00,2025-08-17 19:00:00,2025-08-17 18:33:00,6.0,-27.0
IX1169,Delhi,Departure,2025-08-23,Delhi (DEL),Surat (STV),2025-08-23 17:40:00,2025-08-23 18:45:00,2025-08-23 19:40:00,2025-08-23 20:14:00,65.0,34.0
IX1169,Delhi,Departure,2025-08-22,Delhi (DEL),Surat (STV),2025-08-22 17:40:00,2025-08-22 18:08:00,2025-08-22 19:40:00,2025-08-22 19:35:00,28.0,-5.0
IX1169,Delhi,Departure,2025-08-21,Delhi (DEL),Surat (STV),2025-08-21 17:40:00,2025-08-21 17:51:00,2025-08-21 19:40:00,2025-08-21 19:13:00,11.0,-27.0
IX1169,Delhi,Departure,2025-08-20,Delhi (DEL),Surat (STV),2025-08-20 17:40:00,2025-08-20 18:37:00,2025-08-20 19:40:00,2025-08-20 20:17:00,57.0,37.0
IX1169,Delhi,Departure,2025-08-19,Delhi (DEL),Surat (STV),2025-08-19 17:40:00,2025-08-19 17:53:00,2025-08-19 19:40:00,2025-08-19 19:15:00,13.0,-25.0
IX1169,Delhi,Departure,2025-08-18,Delhi (DEL),Surat (STV),2025-08-18 17:40:00,2025-08-18 17:52:00,2025-08-18 19:40:00,2025-08-18 19:13:00,12.0,-27.0
IX1169,Delhi,Departure,2025-08-17,Delhi (DEL),Surat (STV),2025-08-17 17:40:00,2025-08-17 17:58:00,2025-08-17 19:40:00,2025-08-17 19:26:00,18.0,-14.0
QP1379,Delhi,Arrival,2025-08-24,Goa (GOX),Delhi (DEL),2025-08-24 14:30:00,2025-08-24 14:36:00,2025-08-24 17:10:00,2025-08-24 17:12:00,6.0,2.0
QP1379,Delhi,Arrival,2025-08-23,Goa (GOX),Delhi (DEL),2025-08-23 14:30:00,2025-08-23 14:39:00,2025-08-23 17:10:00,2025-08-23 17:13:00,9.0,3.0
QP1379,Delhi,Arrival,2025-08-22,Goa (GOX),Delhi (DEL),2025-08-22 14:30:00,2025-08-22 14:43:00,2025-08-22 17:10:00,2025-08-22 16:55:00,13.0,-15.0
QP1379,Delhi,Arrival,2025-08-21,Goa (GOX),Delhi (DEL),2025-08-21 14:30:00,2025-08-21 14:41:00,2025-08-21 17:10:00,2025-08-21 17:16:00,11.0,6.0
QP1379,Delhi,Arrival,2025-08-19,Goa (GOX),Delhi (DEL),2025-08-19 14:30:00,2025-08-19 14:31:00,2025-08-19 17:10:00,2025-08-19 16:45:00,1.0,-25.0
QP1379,Delhi,Arrival,2025-08-18,Goa (GOX),Delhi (DEL),2025-08-18 14:30:00,2025-08-18 14:46:00,2025-08-18 17:10:00,2025-08-18 17:04:00,16.0,-6.0
6E5088,Delhi,Arrival,2025-08-24,Srinagar (SXR),Delhi (DEL),2025-08-24 15:45:00,2025-08-24 15:51:00,2025-08-24 17:25:00,2025-08-24 17:24:00,6.0,-1.0
6E5088,Delhi,Arrival,2025-08-23,Srinagar (SXR),Delhi (DEL),2025-08-23 15:45:00,2025-08-23 15:59:00,2025-08-23 17:25:00,2025-08-23 17:18:00,14.0,-7.0
6E5088,Delhi,Arrival,2025-08-22,Srinagar (SXR),Delhi (DEL),2025-08-22 15:45:00,2025-08-22 16:03:00,2025-08-22 17:25:00,2025-08-22 17:07:00,18.0,-18.0
6E5088,Delhi,Arrival,2025-08-21,Srinagar (SXR),Delhi (DEL),2025-08-21 15:45:00,2025-08-21 16:12:00,2025-08-21 17:25:00,2025-08-21 17:37:00,27.0,12.0
6E5088,Delhi,Arrival,2025-08-20,Srinagar (SXR),Delhi (DEL),2025-08-20 15:45:00,2025-08-20 15:59:00,2025-08-20 17:25:00,2025-08-20 17:13:00,14.0,-12.0
6E5088,Delhi,Arrival,2025-08-19,Srinagar (SXR),Delhi (DEL),2025-08-19 15:45:00,2025-08-19 16:22:00,2025-08-19 17:25:00,2025-08-19 17:31:00,37.0,6.0
6E5088,Delhi,Arrival,2025-08-18,Srinagar (SXR),Delhi (DEL),2025-08-18 15:45:00,2025-08-18 16:07:00,2025-08-18 17:25:00,2025-08-18 17:17:00,22.0,-8.0
AI2687,Mumbai,Departure,2025-08-23,Mumbai (BOM),Delhi (DEL),2025-08-23 16:00:00,2025-08-23 16:26:00,2025-08-23 18:30:00,2025-08-23 18:09:00,26.0,-21.0
AI2687,Mumbai,Departure,2025-08-22,Mumbai (BOM),Delhi (DEL),2025-08-22 16:00:00,2025-08-22 16:47:00,2025-08-22 18:30:00,2025-08-22 18:43:00,47.0,13.0
AI2687,Mumbai,Departure,2025-08-21,Mumbai (BOM),Delhi (DEL),2025-08-21 16:00:00,2025-08-21 16:22:00,2025-08-21 18:30:00,2025-08-21 18:31:00,22.0,1.0
AI2687,Mumbai,Departure,2025-08-20,Mumbai (BOM),Delhi (DEL),2025-08-20 16:00:00,2025-08-20 16:44:00,2025-08-20 18:30:00,2025-08-20 18:39:00,44.0,9.0
AI2687,Mumbai,Departure,2025-08-19,Mumbai (BOM),Delhi (DEL),2025-08-19 16:00:00,2025-08-19 18:29:00,2025-08-19 18:30:00,2025-08-19 20:10:00,149.0,100.0
AI2687,Mumbai,Departure,2025-08-18,Mumbai (BOM),Delhi (DEL),2025-08-18 16:00:00,2025-08-18 16:34:00,2025-08-18 18:30:00,2025-08-18 18:22:00,34.0,-8.0
AI2687,Mumbai,Departure,2025-08-17,Mumbai (BOM),Delhi (DEL),2025-08-17 16:00:00,2025-08-17 16:16:00,2025-08-17 18:30:00,2025-08-17 18:08:00,16.0,-22.0
AI2541,Delhi,Arrival,2025-08-23,Hyderabad (HYD),Delhi (DEL),2025-08-23 16:25:00,2025-08-23 16:32:00,2025-08-23 19:00:00,2025-08-23 18:50:00,7.0,-10.0
AI2541,Delhi,Arrival,2025-08-22,Hyderabad (HYD),Delhi (DEL),2025-08-22 16:25:00,2025-08-22 16:29:00,2025-08-22 19:00:00,2025-08-22 18:17:00,4.0,-43.0
AI2541,Delhi,Arrival,2025-08-21,Hyderabad (HYD),Delhi (DEL),2025-08-21 16:25:00,2025-08-21 16:39:00,2025-08-21 19:00:00,2025-08-21 19:01:00,14.0,1.0
AI2541,Delhi,Arrival,2025-08-20,Hyderabad (HYD),Delhi (DEL),2025-08-20 16:25:00,2025-08-20 16:26:00,2025-08-20 19:00:00,2025-08-20 18:28:00,1.0,-32.0
AI2541,Delhi,Arrival,2025-08-19,Hyderabad (HYD),Delhi (DEL),2025-08-19 16:25:00,2025-08-19 16:56:00,2025-08-19 19:00:00,2025-08-19 18:54:00,31.0,-6.0
AI2541,Delhi,Arrival,2025-08-18,Hyderabad (HYD),Delhi (DEL),2025-08-18 16:25:00,2025-08-18 16:49:00,2025-08-18 19:00:00,2025-08-18 18:56:00,24.0,-4.0
AI2541,Delhi,Arrival,2025-08-17,Hyderabad (HYD),Delhi (DEL),2025-08-17 16:25:00,2025-08-17 16:37:00,2025-08-17 19:00:00,2025-08-17 18:46:00,12.0,-14.0
6E2162,Mumbai,Departure,2025-08-23,Mumbai (BOM),Delhi (DEL),2025-08-23 17:00:00,2025-08-23 17:08:00,2025-08-23 19:15:00,2025-08-23 19:07:00,8.0,-8.0
6E2162,Mumbai,Departure,2025-08-22,Mumbai (BOM),Delhi (DEL),2025-08-22 17:00:00,2025-08-22 17:12:00,2025-08-22 19:15:00,2025-08-22 18:58:00,12.0,-17.0
6E2162,Mumbai,Departure,2025-08-21,Mumbai (BOM),Delhi (DEL),2025-08-21 17:00:00,2025-08-21 17:29:00,2025-08-21 19:15:00,2025-08-21 19:32:00,29.0,17.0
6E2162,Mumbai,Departure,2025-08-20,Mumbai (BOM),Delhi (DEL),2025-08-20 17:00:00,2025-08-20 17:47:00,2025-08-20 19:15:00,2025-08-20 19:32:00,47.0,17.0
6E2162,Mumbai,Departure,2025-08-19,Mumbai (BOM),Delhi (DEL),2025-08-19 17:00:00,2025-08-19 19:01:00,2025-08-19 19:15:00,2025-08-19 20:46:00,121.0,91.0
6E2162,Mumbai,Departure,2025-08-18,Mumbai (BOM),Delhi (DEL),2025-08-18 17:00:00,2025-08-18 18:06:00,2025-08-18 19:15:00,2025-08-18 19:43:00,66.0,28.0
6E2162,Mumbai,Departure,2025-08-17,Mumbai (BOM),Delhi (DEL),2025-08-17 17:00:00,2025-08-17 17:09:00,2025-08-17 19:15:00,2025-08-17 18:59:00,9.0,-16.0
QP1407,Delhi,Arrival,2025-08-23,Hyderabad (HYD),Delhi (DEL),2025-08-23 17:30:00,2025-08-23 19:06:00,2025-08-23 20:00:00,2025-08-23 20:58:00,96.0,58.0
QP1407,Delhi,Arrival,2025-08-22,Hyderabad (HYD),Delhi (DEL),2025-08-22 17:30:00,2025-08-22 18:57:00,2025-08-22 20:00:00,2025-08-22 20:49:00,87.0,49.0
QP1407,Delhi,Arrival,2025-08-21,Hyderabad (HYD),Delhi (DEL),2025-08-21 17:30:00,2025-08-21 17:50:00,2025-08-21 20:00:00,2025-08-21 19:51:00,20.0,-9.0
QP1407,Delhi,Arrival,2025-08-20,Hyderabad (HYD),Delhi (DEL),2025-08-20 17:30:00,2025-08-20 17:44:00,2025-08-20 20:00:00,2025-08-20 19:50:00,14.0,-10.0
QP1407,Delhi,Arrival,2025-08-19,Hyderabad (HYD),Delhi (DEL),2025-08-19 17:30:00,2025-08-19 18:01:00,2025-08-19 20:00:00,2025-08-19 19:54:00,31.0,-6.0
QP1407,Delhi,Arrival,2025-08-18,Hyderabad (HYD),Delhi (DEL),2025-08-18 17:30:00,2025-08-18 18:02:00,2025-08-18 20:00:00,2025-08-18 19:53:00,32.0,-7.0
QP1407,Delhi,Arrival,2025-08-17,Hyderabad (HYD),Delhi (DEL),2025-08-17 17:30:00,2025-08-17 17:54:00,2025-08-17 20:00:00,2025-08-17 19:44:00,24.0,-16.0
6E1054,Delhi,Arrival,2025-08-23,Bangkok (BKK),Delhi (DEL),2025-08-23 17:10:00,2025-08-23 17:17:00,2025-08-23 20:00:00,2025-08-23 19:33:00,7.0,-27.0
6E1054,Delhi,Arrival,2025-08-22,Bangkok (BKK),Delhi (DEL),2025-08-22 17:10:00,2025-08-22 17:36:00,2025-08-22 20:00:00,2025-08-22 20:10:00,26.0,10.0
6E1054,Delhi,Arrival,2025-08-21,Bangkok (BKK),Delhi (DEL),2025-08-21 17:10:00,2025-08-21 17:28:00,2025-08-21 20:00:00,2025-08-21 19:46:00,18.0,-14.0
6E1054,Delhi,Arrival,2025-08-20,Bangkok (BKK),Delhi (DEL),2025-08-20 17:10:00,2025-08-20 17:19:00,2025-08-20 20:00:00,2025-08-20 19:34:00,9.0,-26.0
6E1054,Delhi,Arrival,2025-08-19,Bangkok (BKK),Delhi (DEL),2025-08-19 17:10:00,2025-08-19 17:23:00,2025-08-19 20:00:00,2025-08-19 19:41:00,13.0,-19.0
6E1054,Delhi,Arrival,2025-08-18,Bangkok (BKK),Delhi (DEL),2025-08-18 17:10:00,2025-08-18 18:12:00,2025-08-18 20:00:00,2025-08-18 20:22:00,62.0,22.0
6E1054,Delhi,Arrival,2025-08-17,Bangkok (BKK),Delhi (DEL),2025-08-17 17:10:00,2025-08-17 17:30:00,2025-08-17 20:00:00,2025-08-17 19:42:00,20.0,-18.0
AI2794,Delhi,Arrival,2025-08-24,Raipur (RPR),Delhi (DEL),2025-08-24 08:10:00,2025-08-24 08:22:00,2025-08-24 09:45:00,2025-08-24 10:05:00,12.0,20.0
AI2794,Delhi,Arrival,2025-08-23,Raipur (RPR),Delhi (DEL),2025-08-23 08:10:00,2025-08-23 08:17:00,2025-08-23 09:45:00,2025-08-23 09:50:00,7.0,5.0
AI2794,Delhi,Arrival,2025-08-22,Raipur (RPR),Delhi (DEL),2025-08-22 08:10:00,2025-08-22 08:16:00,2025-08-22 09:45:00,2025-08-22 09:47:00,6.0,2.0
AI2794,Delhi,Arrival,2025-08-21,Raipur (RPR),Delhi (DEL),2025-08-21 08:10:00,2025-08-21 08:18:00,2025-08-21 09:45:00,2025-08-21 10:01:00,8.0,16.0
AI2794,Delhi,Arrival,2025-08-20,Raipur (RPR),Delhi (DEL),2025-08-20 08:10:00,2025-08-20 08:29:00,2025-08-20 09:45:00,2025-08-20 10:08:00,19.0,23.0
AI2794,Delhi,Arrival,2025-08-19,Raipur (RPR),Delhi (DEL),2025-08-19 08:10:00,2025-08-19 08:13:00,2025-08-19 09:45:00,2025-08-19 09:54:00,3.0,9.0
AI2794,Delhi,Arrival,2025-08-18,Raipur (RPR),Delhi (DEL),2025-08-18 08:10:00,2025-08-18 08:26:00,2025-08-18 09:45:00,2025-08-18 09:57:00,16.0,12.0
AI2778,Delhi,Arrival,2025-08-24,Kolkata (CCU),Delhi (DEL),2025-08-24 07:20:00,2025-08-24 07:25:00,2025-08-24 10:00:00,2025-08-24 09:14:00,5.0,-46.0
AI2778,Delhi,Arrival,2025-08-23,Kolkata (CCU),Delhi (DEL),2025-08-23 07:20:00,2025-08-23 07:22:00,2025-08-23 10:00:00,2025-08-23 09:09:00,2.0,-51.0
AI2778,Delhi,Arrival,2025-08-22,Kolkata (CCU),Delhi (DEL),2025-08-22 07:20:00,2025-08-22 07:20:00,2025-08-22 10:00:00,2025-08-22 09:02:00,0.0,-58.0
AI2778,Delhi,Arrival,2025-08-21,Kolkata (CCU),Delhi (DEL),2025-08-21 07:20:00,2025-08-21 07:23:00,2025-08-21 10:00:00,2025-08-21 09:14:00,3.0,-46.0
AI2778,Delhi,Arrival,2025-08-20,Kolkata (CCU),Delhi (DEL),2025-08-20 07:20:00,2025-08-20 07:18:00,2025-08-20 10:00:00,2025-08-20 09:07:00,-2.0,-53.0
AI2778,Delhi,Arrival,2025-08-19,Kolkata (CCU),Delhi (DEL),2025-08-19 07:20:00,2025-08-19 07:28:00,2025-08-19 09:55:00,2025-08-19 09:19:00,8.0,-36.0
AI2778,Delhi,Arrival,2025-08-18,Kolkata (CCU),Delhi (DEL),2025-08-18 07:20:00,2025-08-18 07:27:00,2025-08-18 10:00:00,2025-08-18 09:17:00,7.0,-43.0
AI2804,Delhi,Arrival,2025-08-24,Bengaluru (BLR),Delhi (DEL),2025-08-24 09:10:00,2025-08-24 09:28:00,2025-08-24 12:05:00,2025-08-24 11:49:00,18.0,-16.0
AI2804,Delhi,Arrival,2025-08-23,Bengaluru (BLR),Delhi (DEL),2025-08-23 09:10:00,2025-08-23 09:14:00,2025-08-23 12:05:00,2025-08-23 11:44:00,4.0,-21.0
AI2804,Delhi,Arrival,2025-08-22,Bengaluru (BLR),Delhi (DEL),2025-08-22 09:10:00,2025-08-22 10:33:00,2025-08-22 12:05:00,2025-08-22 12:53:00,83.0,48.0
AI2804,Delhi,Arrival,2025-08-21,Bengaluru (BLR),Delhi (DEL),2025-08-21 09:10:00,2025-08-21 09:26:00,2025-08-21 12:05:00,2025-08-21 11:52:00,16.0,-13.0
AI2804,Delhi,Arrival,2025-08-20,Bengaluru (BLR),Delhi (DEL),2025-08-20 09:10:00,2025-08-20 11:24:00,2025-08-20 12:05:00,2025-08-20 13:44:00,134.0,99.0
AI2804,Delhi,Arrival,2025-08-19,Bengaluru (BLR),Delhi (DEL),2025-08-19 09:10:00,2025-08-19 09:17:00,2025-08-19 12:05:00,2025-08-19 11:36:00,7.0,-29.0
AI2804,Delhi,Arrival,2025-08-18,Bengaluru (BLR),Delhi (DEL),2025-08-18 09:10:00,2025-08-18 09:28:00,2025-08-18 12:05:00,2025-08-18 11:57:00,18.0,-8.0
AI2526,Delhi,Arrival,2025-08-24,Chennai (MAA),Delhi (DEL),2025-08-24 08:55:00,2025-08-24 10:15:00,2025-08-24 11:55:00,2025-08-24 12:51:00,80.0,56.0
AI2526,Delhi,Arrival,2025-08-23,Chennai (MAA),Delhi (DEL),2025-08-23 08:55:00,2025-08-23 09:11:00,2025-08-23 11:55:00,2025-08-23 11:38:00,16.0,-17.0
AI2526,Delhi,Arrival,2025-08-22,Chennai (MAA),Delhi (DEL),2025-08-22 08:55:00,2025-08-22 09:10:00,2025-08-22 11:55:00,2025-08-22 11:33:00,15.0,-22.0
AI2526,Delhi,Arrival,2025-08-21,Chennai (MAA),Delhi (DEL),2025-08-21 08:55:00,2025-08-21 09:20:00,2025-08-21 11:55:00,2025-08-21 12:00:00,25.0,5.0
AI2526,Delhi,Arrival,2025-08-20,Chennai (MAA),Delhi (DEL),2025-08-20 08:55:00,2025-08-20 09:12:00,2025-08-20 11:55:00,2025-08-20 11:42:00,17.0,-13.0
AI2526,Delhi,Arrival,2025-08-19,Chennai (MAA),Delhi (DEL),2025-08-19 08:55:00,2025-08-19 09:11:00,2025-08-19 11:55:00,2025-08-19 11:42:00,16.0,-13.0
AI2526,Delhi,Arrival,2025-08-18,Chennai (MAA),Delhi (DEL),2025-08-18 08:55:00,2025-08-18 09:16:00,2025-08-18 11:55:00,2025-08-18 11:46:00,21.0,-9.0
KU383,Delhi,Arrival,2025-08-23,Kuwait City (KWI),Delhi (DEL),2025-08-23 23:10:00,2025-08-23 00:02:00,2025-08-23 05:50:00,2025-08-23 06:19:00,-1388.0,29.0
KU383,Delhi,Arrival,2025-08-22,Kuwait City (KWI),Delhi (DEL),2025-08-22 23:10:00,2025-08-22 23:24:00,2025-08-22 05:50:00,2025-08-22 05:39:00,14.0,-11.0
KU383,Delhi,Arrival,2025-08-21,Kuwait City (KWI),Delhi (DEL),2025-08-21 23:10:00,2025-08-21 00:55:00,2025-08-21 06:20:00,2025-08-21 07:30:00,-1335.0,70.0
KU383,Delhi,Arrival,2025-08-20,Kuwait City (KWI),Delhi (DEL),2025-08-20 23:10:00,2025-08-20 23:32:00,2025-08-20 05:50:00,2025-08-20 05:44:00,22.0,-6.0
KU383,Delhi,Arrival,2025-08-19,Kuwait City (KWI),Delhi (DEL),2025-08-19 23:10:00,2025-08-19 23:20:00,2025-08-19 05:50:00,2025-08-19 05:33:00,10.0,-17.0
KU383,Delhi,Arrival,2025-08-18,Kuwait City (KWI),Delhi (DEL),2025-08-18 23:10:00,2025-08-18 23:32:00,2025-08-18 05:50:00,2025-08-18 05:46:00,22.0,-4.0
KU383,Delhi,Arrival,2025-08-17,Kuwait City (KWI),Delhi (DEL),2025-08-17 23:10:00,2025-08-17 23:46:00,2025-08-17 05:50:00,2025-08-17 06:03:00,36.0,13.0
AI2654,Delhi,Arrival,2025-08-24,Bengaluru (BLR),Delhi (DEL),2025-08-24 06:40:00,2025-08-24 06:59:00,2025-08-24 09:35:00,2025-08-24 09:24:00,19.0,-11.0
AI2654,Delhi,Arrival,2025-08-23,Bengaluru (BLR),Delhi (DEL),2025-08-23 06:40:00,2025-08-23 06:45:00,2025-08-23 09:35:00,2025-08-23 09:06:00,5.0,-29.0
AI2654,Delhi,Arrival,2025-08-22,Bengaluru (BLR),Delhi (DEL),2025-08-22 06:40:00,2025-08-22 06:56:00,2025-08-22 09:35:00,2025-08-22 09:17:00,16.0,-18.0
AI2654,Delhi,Arrival,2025-08-21,Bengaluru (BLR),Delhi (DEL),2025-08-21 06:40:00,2025-08-21 06:54:00,2025-08-21 09:35:00,2025-08-21 09:12:00,14.0,-23.0
AI2654,Delhi,Arrival,2025-08-20,Bengaluru (BLR),Delhi (DEL),2025-08-20 06:40:00,2025-08-20 06:57:00,2025-08-20 09:35:00,2025-08-20 09:16:00,17.0,-19.0
AI2654,Delhi,Arrival,2025-08-19,Bengaluru (BLR),Delhi (DEL),2025-08-19 06:40:00,2025-08-19 06:52:00,2025-08-19 09:35:00,2025-08-19 09:17:00,12.0,-18.0
AI2654,Delhi,Arrival,2025-08-18,Bengaluru (BLR),Delhi (DEL),2025-08-18 06:40:00,2025-08-18 08:26:00,2025-08-18 09:35:00,2025-08-18 10:57:00,106.0,82.0
AI2914,Delhi,Arrival,2025-08-24,Indore (IDR),Delhi (DEL),2025-08-24 08:05:00,2025-08-24 08:01:00,2025-08-24 09:35:00,2025-08-24 09:16:00,-4.0,-19.0
AI2914,Delhi,Arrival,2025-08-23,Indore (IDR),Delhi (DEL),2025-08-23 08:05:00,2025-08-23 08:09:00,2025-08-23 09:35:00,2025-08-23 09:15:00,4.0,-20.0
AI2914,Delhi,Arrival,2025-08-22,Indore (IDR),Delhi (DEL),2025-08-22 08:05:00,2025-08-22 08:09:00,2025-08-22 09:35:00,2025-08-22 09:12:00,4.0,-23.0
AI2914,Delhi,Arrival,2025-08-21,Indore (IDR),Delhi (DEL),2025-08-21 08:05:00,2025-08-21 08:05:00,2025-08-21 09:35:00,2025-08-21 09:30:00,0.0,-5.0
AI2914,Delhi,Arrival,2025-08-20,Indore (IDR),Delhi (DEL),2025-08-20 08:05:00,2025-08-20 08:00:00,2025-08-20 09:35:00,2025-08-20 09:09:00,-5.0,-26.0
AI2914,Delhi,Arrival,2025-08-19,Indore (IDR),Delhi (DEL),2025-08-19 08:05:00,2025-08-19 08:06:00,2025-08-19 09:35:00,2025-08-19 09:15:00,1.0,-20.0
AI2914,Delhi,Arrival,2025-08-18,Indore (IDR),Delhi (DEL),2025-08-18 08:05:00,2025-08-18 08:04:00,2025-08-18 09:35:00,2025-08-18 09:08:00,-1.0,-27.0
AI496,Delhi,Arrival,2025-08-24,Amritsar (ATQ),Delhi (DEL),2025-08-24 08:25:00,2025-08-24 08:26:00,2025-08-24 09:40:00,2025-08-24 09:12:00,1.0,-28.0
AI496,Delhi,Arrival,2025-08-23,Amritsar (ATQ),Delhi (DEL),2025-08-23 08:25:00,2025-08-23 08:45:00,2025-08-23 09:40:00,2025-08-23 09:31:00,20.0,-9.0
AI496,Delhi,Arrival,2025-08-22,Amritsar (ATQ),Delhi (DEL),2025-08-22 08:25:00,2025-08-22 08:36:00,2025-08-22 09:40:00,2025-08-22 09:29:00,11.0,-11.0
AI496,Delhi,Arrival,2025-08-21,Amritsar (ATQ),Delhi (DEL),2025-08-21 08:25:00,2025-08-21 10:18:00,2025-08-21 09:40:00,2025-08-21 11:14:00,113.0,94.0
AI496,Delhi,Arrival,2025-08-20,Amritsar (ATQ),Delhi (DEL),2025-08-20 08:25:00,2025-08-20 08:59:00,2025-08-20 09:40:00,2025-08-20 09:50:00,34.0,10.0
AI496,Delhi,Arrival,2025-08-19,Amritsar (ATQ),Delhi (DEL),2025-08-19 08:25:00,2025-08-19 08:37:00,2025-08-19 09:40:00,2025-08-19 09:26:00,12.0,-14.0
AI496,Delhi,Arrival,2025-08-18,Amritsar (ATQ),Delhi (DEL),2025-08-18 08:25:00,2025-08-18 08:33:00,2025-08-18 09:40:00,2025-08-18 09:24:00,8.0,-16.0
SG14,Mumbai,Arrival,2025-08-24,Dubai (DXB),Mumbai (BOM),2025-08-24 02:15:00,2025-08-24 03:56:00,2025-08-24 06:45:00,2025-08-24 08:20:00,101.0,95.0
SG14,Mumbai,Arrival,2025-08-23,Dubai (DXB),Mumbai (BOM),2025-08-23 02:15:00,2025-08-23 09:04:00,2025-08-23 06:45:00,2025-08-23 13:18:00,409.0,393.0
SG14,Mumbai,Arrival,2025-08-22,Dubai (DXB),Mumbai (BOM),2025-08-22 02:15:00,2025-08-22 02:28:00,2025-08-22 06:45:00,2025-08-22 06:47:00,13.0,2.0
SG14,Mumbai,Arrival,2025-08-21,Dubai (DXB),Mumbai (BOM),2025-08-21 02:15:00,2025-08-21 02:45:00,2025-08-21 06:45:00,2025-08-21 07:00:00,30.0,15.0
SG14,Mumbai,Arrival,2025-08-20,Dubai (DXB),Mumbai (BOM),2025-08-20 02:15:00,2025-08-20 05:29:00,2025-08-20 06:45:00,2025-08-20 10:09:00,194.0,204.0
SG14,Mumbai,Arrival,2025-08-19,Surat (STV),Mumbai (BOM),2025-08-19 11:00:00,2025-08-19 15:53:00,2025-08-19 12:00:00,2025-08-19 16:42:00,293.0,282.0
SG14,Mumbai,Arrival,2025-08-19,Dubai (DXB),Mumbai (BOM),2025-08-19 02:15:00,2025-08-19 04:48:00,2025-08-19 06:45:00,,153.0,
SG14,Mumbai,Arrival,2025-08-18,Dubai (DXB),Mumbai (BOM),2025-08-18 02:15:00,2025-08-18 03:21:00,2025-08-18 06:45:00,2025-08-18 07:47:00,66.0,62.0
6E5205,Mumbai,Arrival,2025-08-24,Bengaluru (BLR),Mumbai (BOM),2025-08-24 04:55:00,2025-08-24 04:57:00,2025-08-24 07:00:00,2025-08-24 06:20:00,2.0,-40.0
6E5205,Mumbai,Arrival,2025-08-23,Bengaluru (BLR),Mumbai (BOM),2025-08-23 04:55:00,2025-08-23 04:58:00,2025-08-23 06:50:00,2025-08-23 06:19:00,3.0,-31.0
6E5205,Mumbai,Arrival,2025-08-22,Bengaluru (BLR),Mumbai (BOM),2025-08-22 04:55:00,2025-08-22 05:00:00,2025-08-22 07:00:00,2025-08-22 06:27:00,5.0,-33.0
6E5205,Mumbai,Arrival,2025-08-21,Bengaluru (BLR),Mumbai (BOM),2025-08-21 04:55:00,2025-08-21 05:20:00,2025-08-21 06:50:00,2025-08-21 06:34:00,25.0,-16.0
6E5205,Mumbai,Arrival,2025-08-20,Bengaluru (BLR),Mumbai (BOM),2025-08-20 04:55:00,2025-08-20 05:05:00,2025-08-20 07:00:00,2025-08-20 06:22:00,10.0,-38.0
6E5205,Mumbai,Arrival,2025-08-19,Bengaluru (BLR),Mumbai (BOM),2025-08-19 04:55:00,2025-08-19 05:06:00,2025-08-19 06:50:00,2025-08-19 06:28:00,11.0,-22.0
6E5205,Mumbai,Arrival,2025-08-18,Bengaluru (BLR),Mumbai (BOM),2025-08-18 04:55:00,2025-08-18 04:58:00,2025-08-18 07:00:00,2025-08-18 06:13:00,3.0,-47.0
EY200,Mumbai,Arrival,2025-08-24,Abu Dhabi (AUH),Mumbai (BOM),2025-08-24 02:20:00,2025-08-24 03:01:00,2025-08-24 07:05:00,2025-08-24 07:20:00,41.0,15.0
EY200,Mumbai,Arrival,2025-08-23,Abu Dhabi (AUH),Mumbai (BOM),2025-08-23 02:20:00,2025-08-23 04:14:00,2025-08-23 07:05:00,2025-08-23 08:45:00,114.0,100.0
EY200,Mumbai,Arrival,2025-08-22,Abu Dhabi (AUH),Mumbai (BOM),2025-08-22 02:20:00,2025-08-22 02:49:00,2025-08-22 07:05:00,2025-08-22 07:03:00,29.0,-2.0
EY200,Mumbai,Arrival,2025-08-21,Abu Dhabi (AUH),Mumbai (BOM),2025-08-21 02:20:00,2025-08-21 02:51:00,2025-08-21 07:05:00,2025-08-21 07:18:00,31.0,13.0
EY200,Mumbai,Arrival,2025-08-20,Abu Dhabi (AUH),Mumbai (BOM),2025-08-20 02:20:00,2025-08-20 02:46:00,2025-08-20 07:05:00,2025-08-20 07:11:00,26.0,6.0
EY200,Mumbai,Arrival,2025-08-19,Abu Dhabi (AUH),Mumbai (BOM),2025-08-19 02:20:00,2025-08-19 03:49:00,2025-08-19 07:05:00,2025-08-19 08:28:00,89.0,83.0
EY200,Mumbai,Arrival,2025-08-18,Abu Dhabi (AUH),Mumbai (BOM),2025-08-18 02:20:00,2025-08-18 02:44:00,2025-08-18 07:05:00,2025-08-18 07:11:00,24.0,6.0
QP1173,Mumbai,Arrival,2025-08-24,Kolkata (CCU),Mumbai (BOM),2025-08-24 05:00:00,2025-08-24 05:04:00,2025-08-24 07:50:00,2025-08-24 07:21:00,4.0,-29.0
QP1173,Mumbai,Arrival,2025-08-23,Kolkata (CCU),Mumbai (BOM),2025-08-23 05:00:00,2025-08-23 05:02:00,2025-08-23 07:50:00,2025-08-23 07:18:00,2.0,-32.0
QP1173,Mumbai,Arrival,2025-08-22,Kolkata (CCU),Mumbai (BOM),2025-08-22 05:00:00,2025-08-22 05:04:00,2025-08-22 07:50:00,2025-08-22 07:26:00,4.0,-24.0
QP1173,Mumbai,Arrival,2025-08-21,Kolkata (CCU),Mumbai (BOM),2025-08-21 05:00:00,2025-08-21 05:08:00,2025-08-21 07:45:00,2025-08-21 07:25:00,8.0,-20.0
QP1173,Mumbai,Arrival,2025-08-20,Kolkata (CCU),Mumbai (BOM),2025-08-20 05:00:00,2025-08-20 06:39:00,2025-08-20 07:50:00,2025-08-20 09:05:00,99.0,75.0
QP1173,Mumbai,Arrival,2025-08-19,Kolkata (CCU),Mumbai (BOM),2025-08-19 05:00:00,2025-08-19 05:45:00,2025-08-19 07:50:00,2025-08-19 07:58:00,45.0,8.0
QP1173,Mumbai,Arrival,2025-08-18,Kolkata (CCU),Mumbai (BOM),2025-08-18 05:00:00,2025-08-18 05:00:00,2025-08-18 07:50:00,2025-08-18 07:09:00,0.0,-41.0
AI2927,Delhi,Departure,2025-08-24,Delhi (DEL),Mumbai (BOM),2025-08-24 05:45:00,2025-08-24 06:02:00,2025-08-24 08:10:00,2025-08-24 07:43:00,17.0,-27.0
AI2927,Delhi,Departure,2025-08-23,Delhi (DEL),Mumbai (BOM),2025-08-23 05:45:00,2025-08-23 06:08:00,2025-08-23 08:10:00,2025-08-23 07:47:00,23.0,-23.0
AI2927,Delhi,Departure,2025-08-22,Delhi (DEL),Mumbai (BOM),2025-08-22 05:45:00,2025-08-22 06:06:00,2025-08-22 08:10:00,2025-08-22 07:54:00,21.0,-16.0
AI2927,Delhi,Departure,2025-08-21,Delhi (DEL),Mumbai (BOM),2025-08-21 05:45:00,2025-08-21 05:58:00,2025-08-21 08:10:00,2025-08-21 07:41:00,13.0,-29.0
AI2927,Delhi,Departure,2025-08-20,Delhi (DEL),Mumbai (BOM),2025-08-20 05:45:00,2025-08-20 06:05:00,2025-08-20 08:10:00,2025-08-20 08:20:00,20.0,10.0
AI2927,Delhi,Departure,2025-08-19,Delhi (DEL),Mumbai (BOM),2025-08-19 05:45:00,2025-08-19 06:05:00,2025-08-19 08:10:00,2025-08-19 07:42:00,20.0,-28.0
AI2927,Delhi,Departure,2025-08-18,Delhi (DEL),Mumbai (BOM),2025-08-18 05:45:00,2025-08-18 06:22:00,2025-08-18 08:10:00,2025-08-18 08:06:00,37.0,-4.0
AI604,Mumbai,Arrival,2025-08-24,Goa (GOI),Mumbai (BOM),2025-08-24 07:05:00,2025-08-24 06:54:00,2025-08-24 08:30:00,2025-08-24 08:07:00,-11.0,-23.0
AI604,Mumbai,Arrival,2025-08-23,Goa (GOI),Mumbai (BOM),2025-08-23 07:05:00,2025-08-23 07:09:00,2025-08-23 08:30:00,2025-08-23 08:23:00,4.0,-7.0
AI604,Mumbai,Arrival,2025-08-22,Goa (GOI),Mumbai (BOM),2025-08-22 07:05:00,2025-08-22 07:09:00,2025-08-22 08:30:00,2025-08-22 08:22:00,4.0,-8.0
AI604,Mumbai,Arrival,2025-08-21,Goa (GOI),Mumbai (BOM),2025-08-21 07:05:00,2025-08-21 07:04:00,2025-08-21 08:30:00,2025-08-21 08:05:00,-1.0,-25.0
AI604,Mumbai,Arrival,2025-08-20,Goa (GOI),Mumbai (BOM),2025-08-20 07:05:00,2025-08-20 07:17:00,2025-08-20 08:30:00,2025-08-20 08:23:00,12.0,-7.0
AI604,Mumbai,Arrival,2025-08-19,Goa (GOI),Mumbai (BOM),2025-08-19 07:05:00,2025-08-19 07:13:00,2025-08-19 08:30:00,2025-08-19 08:13:00,8.0,-17.0
AI604,Mumbai,Arrival,2025-08-18,Goa (GOI),Mumbai (BOM),2025-08-18 07:05:00,2025-08-18 07:21:00,2025-08-18 08:30:00,2025-08-18 08:23:00,16.0,-7.0
AI2566,Mumbai,Arrival,2025-08-24,Jaipur (JAI),Mumbai (BOM),2025-08-24 06:30:00,2025-08-24 06:40:00,2025-08-24 08:30:00,2025-08-24 08:10:00,10.0,-20.0
AI2566,Mumbai,Arrival,2025-08-23,Jaipur (JAI),Mumbai (BOM),2025-08-23 06:30:00,2025-08-23 06:31:00,2025-08-23 08:30:00,2025-08-23 08:09:00,1.0,-21.0
AI2566,Mumbai,Arrival,2025-08-22,Jaipur (JAI),Mumbai (BOM),2025-08-22 06:30:00,2025-08-22 06:31:00,2025-08-22 08:30:00,2025-08-22 08:11:00,1.0,-19.0
AI2566,Mumbai,Arrival,2025-08-21,Jaipur (JAI),Mumbai (BOM),2025-08-21 06:30:00,2025-08-21 06:25:00,2025-08-21 08:30:00,2025-08-21 07:52:00,-5.0,-38.0
AI2566,Mumbai,Arrival,2025-08-20,Jaipur (JAI),Mumbai (BOM),2025-08-20 06:30:00,2025-08-20 06:28:00,2025-08-20 08:30:00,2025-08-20 07:55:00,-2.0,-35.0
AI2566,Mumbai,Arrival,2025-08-19,Jaipur (JAI),Mumbai (BOM),2025-08-19 06:30:00,2025-08-19 06:31:00,2025-08-19 08:30:00,2025-08-19 08:01:00,1.0,-29.0
AI2566,Mumbai,Arrival,2025-08-18,Jaipur (JAI),Mumbai (BOM),2025-08-18 06:30:00,2025-08-18 06:37:00,2025-08-18 08:30:00,2025-08-18 08:01:00,7.0,-29.0
AI2429,Delhi,Departure,2025-08-24,Delhi (DEL),Mumbai (BOM),2025-08-24 07:00:00,2025-08-24 07:03:00,2025-08-24 09:15:00,2025-08-24 08:54:00,3.0,-21.0
AI2429,Delhi,Departure,2025-08-23,Delhi (DEL),Mumbai (BOM),2025-08-23 07:00:00,2025-08-23 07:17:00,2025-08-23 09:15:00,2025-08-23 09:13:00,17.0,-2.0
AI2429,Delhi,Departure,2025-08-22,Delhi (DEL),Mumbai (BOM),2025-08-22 07:00:00,2025-08-22 07:16:00,2025-08-22 09:15:00,2025-08-22 09:06:00,16.0,-9.0
AI2429,Delhi,Departure,2025-08-21,Delhi (DEL),Mumbai (BOM),2025-08-21 07:00:00,2025-08-21 07:09:00,2025-08-21 09:15:00,2025-08-21 08:49:00,9.0,-26.0
AI2429,Delhi,Departure,2025-08-20,Delhi (DEL),Mumbai (BOM),2025-08-20 07:00:00,2025-08-20 07:13:00,2025-08-20 09:15:00,2025-08-20 09:17:00,13.0,2.0
AI2429,Delhi,Departure,2025-08-19,Delhi (DEL),Mumbai (BOM),2025-08-19 07:00:00,2025-08-19 07:08:00,2025-08-19 09:15:00,2025-08-19 08:51:00,8.0,-24.0
AI2429,Delhi,Departure,2025-08-18,Delhi (DEL),Mumbai (BOM),2025-08-18 07:00:00,2025-08-18 07:11:00,2025-08-18 09:15:00,2025-08-18 08:55:00,11.0,-20.0
6E1512,Mumbai,Arrival,2025-08-24,Dubai (DXB),Mumbai (BOM),2025-08-24 05:00:00,2025-08-24 05:13:00,2025-08-24 09:50:00,2025-08-24 09:42:00,13.0,-8.0
6E1512,Mumbai,Arrival,2025-08-23,Dubai (DXB),Mumbai (BOM),2025-08-23 05:00:00,2025-08-23 05:20:00,2025-08-23 09:50:00,2025-08-23 09:38:00,20.0,-12.0
6E1512,Mumbai,Arrival,2025-08-22,Dubai (DXB),Mumbai (BOM),2025-08-22 05:00:00,2025-08-22 05:09:00,2025-08-22 09:50:00,2025-08-22 09:28:00,9.0,-22.0
6E1512,Mumbai,Arrival,2025-08-21,Dubai (DXB),Mumbai (BOM),2025-08-21 05:00:00,2025-08-21 05:23:00,2025-08-21 09:50:00,2025-08-21 09:50:00,23.0,0.0
6E1512,Mumbai,Arrival,2025-08-20,Dubai (DXB),Mumbai (BOM),2025-08-20 05:00:00,2025-08-20 06:37:00,2025-08-20 09:50:00,2025-08-20 11:16:00,97.0,86.0
6E1512,Mumbai,Arrival,2025-08-19,Dubai (DXB),Mumbai (BOM),2025-08-19 05:00:00,2025-08-19 06:45:00,2025-08-19 09:50:00,2025-08-19 11:36:00,105.0,106.0
6E1512,Mumbai,Arrival,2025-08-18,Dubai (DXB),Mumbai (BOM),2025-08-18 05:00:00,2025-08-18 05:19:00,2025-08-18 09:50:00,2025-08-18 09:54:00,19.0,4.0
6E2238,Mumbai,Arrival,2025-08-24,Lucknow (LKO),Mumbai (BOM),2025-08-24 08:05:00,2025-08-24 08:20:00,2025-08-24 10:15:00,2025-08-24 10:08:00,15.0,-7.0
6E2238,Mumbai,Arrival,2025-08-23,Lucknow (LKO),Mumbai (BOM),2025-08-23 08:05:00,2025-08-23 08:39:00,2025-08-23 10:15:00,2025-08-23 10:27:00,34.0,12.0
6E2238,Mumbai,Arrival,2025-08-22,Lucknow (LKO),Mumbai (BOM),2025-08-22 08:05:00,2025-08-22 08:16:00,2025-08-22 10:15:00,2025-08-22 10:16:00,11.0,1.0
6E2238,Mumbai,Arrival,2025-08-21,Lucknow (LKO),Mumbai (BOM),2025-08-21 08:05:00,2025-08-21 08:28:00,2025-08-21 10:15:00,2025-08-21 10:15:00,23.0,0.0
6E2238,Mumbai,Arrival,2025-08-20,Lucknow (LKO),Mumbai (BOM),2025-08-20 08:05:00,2025-08-20 08:36:00,2025-08-20 10:15:00,2025-08-20 10:26:00,31.0,11.0
6E2238,Mumbai,Arrival,2025-08-19,Lucknow (LKO),Mumbai (BOM),2025-08-19 08:05:00,2025-08-19 08:27:00,2025-08-19 10:15:00,2025-08-19 11:08:00,22.0,53.0
6E2238,Mumbai,Arrival,2025-08-18,Lucknow (LKO),Mumbai (BOM),2025-08-18 08:05:00,2025-08-18 08:21:00,2025-08-18 10:15:00,2025-08-18 10:08:00,16.0,-7.0
AI2626,Mumbai,Arrival,2025-08-24,Hyderabad (HYD),Mumbai (BOM),2025-08-24 08:20:00,2025-08-24 08:27:00,2025-08-24 10:15:00,2025-08-24 09:29:00,7.0,-46.0
AI2626,Mumbai,Arrival,2025-08-23,Hyderabad (HYD),Mumbai (BOM),2025-08-23 08:20:00,2025-08-23 08:35:00,2025-08-23 10:15:00,2025-08-23 09:47:00,15.0,-28.0
AI2626,Mumbai,Arrival,2025-08-22,Hyderabad (HYD),Mumbai (BOM),2025-08-22 08:20:00,2025-08-22 08:43:00,2025-08-22 10:15:00,2025-08-22 10:11:00,23.0,-4.0
AI2626,Mumbai,Arrival,2025-08-21,Hyderabad (HYD),Mumbai (BOM),2025-08-21 08:20:00,2025-08-21 08:33:00,2025-08-21 10:15:00,2025-08-21 09:40:00,13.0,-35.0
AI2626,Mumbai,Arrival,2025-08-20,Hyderabad (HYD),Mumbai (BOM),2025-08-20 08:20:00,2025-08-20 08:30:00,2025-08-20 10:15:00,2025-08-20 09:48:00,10.0,-27.0
AI2626,Mumbai,Arrival,2025-08-19,Hyderabad (HYD),Mumbai (BOM),2025-08-19 08:20:00,2025-08-19 08:32:00,2025-08-19 10:15:00,2025-08-19 10:26:00,12.0,11.0
AI2626,Mumbai,Arrival,2025-08-18,Hyderabad (HYD),Mumbai (BOM),2025-08-18 08:20:00,2025-08-18 08:52:00,2025-08-18 10:15:00,2025-08-18 10:01:00,32.0,-14.0
6E5304,Mumbai,Arrival,2025-08-24,Chennai (MAA),Mumbai (BOM),2025-08-24 09:10:00,2025-08-24 09:34:00,2025-08-24 11:15:00,2025-08-24 11:18:00,24.0,3.0
6E5304,Mumbai,Arrival,2025-08-23,Chennai (MAA),Mumbai (BOM),2025-08-23 09:10:00,2025-08-23 09:18:00,2025-08-23 11:15:00,2025-08-23 10:54:00,8.0,-21.0
6E5304,Mumbai,Arrival,2025-08-22,Chennai (MAA),Mumbai (BOM),2025-08-22 09:10:00,2025-08-22 09:24:00,2025-08-22 11:15:00,2025-08-22 11:08:00,14.0,-7.0
6E5304,Mumbai,Arrival,2025-08-21,Chennai (MAA),Mumbai (BOM),2025-08-21 09:10:00,2025-08-21 09:31:00,2025-08-21 11:15:00,2025-08-21 11:04:00,21.0,-11.0
6E5304,Mumbai,Arrival,2025-08-20,Chennai (MAA),Mumbai (BOM),2025-08-20 09:10:00,2025-08-20 09:21:00,2025-08-20 11:15:00,2025-08-20 11:08:00,11.0,-7.0
6E5304,Mumbai,Arrival,2025-08-19,Chennai (MAA),Mumbai (BOM),2025-08-19 09:10:00,2025-08-19 09:20:00,2025-08-19 11:15:00,2025-08-19 11:14:00,10.0,-1.0
6E5304,Mumbai,Arrival,2025-08-18,Chennai (MAA),Mumbai (BOM),2025-08-18 09:10:00,2025-08-18 09:12:00,2025-08-18 11:15:00,2025-08-18 11:05:00,2.0,-10.0
AI2186,Mumbai,Arrival,2025-08-24,Ahmedabad (AMD),Mumbai (BOM),2025-08-24 09:40:00,2025-08-24 10:04:00,2025-08-24 11:20:00,2025-08-24 11:16:00,24.0,-4.0
AI2186,Mumbai,Arrival,2025-08-23,Ahmedabad (AMD),Mumbai (BOM),2025-08-23 09:40:00,2025-08-23 10:10:00,2025-08-23 11:20:00,2025-08-23 11:08:00,30.0,-12.0
AI2186,Mumbai,Arrival,2025-08-22,Ahmedabad (AMD),Mumbai (BOM),2025-08-22 09:40:00,2025-08-22 09:54:00,2025-08-22 11:20:00,2025-08-22 11:05:00,14.0,-15.0
AI2186,Mumbai,Arrival,2025-08-21,Ahmedabad (AMD),Mumbai (BOM),2025-08-21 09:40:00,2025-08-21 09:39:00,2025-08-21 11:20:00,2025-08-21 10:30:00,-1.0,-50.0
AI2186,Mumbai,Arrival,2025-08-20,Ahmedabad (AMD),Mumbai (BOM),2025-08-20 09:40:00,2025-08-20 10:17:00,2025-08-20 11:20:00,2025-08-20 11:32:00,37.0,12.0
AI2186,Mumbai,Arrival,2025-08-19,Ahmedabad (AMD),Mumbai (BOM),2025-08-19 09:40:00,2025-08-19 11:01:00,2025-08-19 11:20:00,2025-08-19 12:20:00,81.0,60.0
AI2186,Mumbai,Arrival,2025-08-18,Ahmedabad (AMD),Mumbai (BOM),2025-08-18 09:40:00,2025-08-18 14:46:00,2025-08-18 11:20:00,2025-08-18 16:09:00,306.0,289.0
AI130,Mumbai,Arrival,2025-08-23,London (LHR),Mumbai (BOM),2025-08-23 21:05:00,2025-08-23 21:57:00,2025-08-23 11:25:00,2025-08-23 10:46:00,52.0,-39.0
AI130,Mumbai,Arrival,2025-08-22,London (LHR),Mumbai (BOM),2025-08-22 21:05:00,2025-08-22 21:34:00,2025-08-22 11:25:00,2025-08-22 10:41:00,29.0,-44.0
AI130,Mumbai,Arrival,2025-08-22,London (LHR),Mumbai (BOM),,,,2025-08-22 16:01:00,,
AI130,Mumbai,Arrival,2025-08-21,London (LHR),Mumbai (BOM),2025-08-21 21:05:00,2025-08-21 22:04:00,2025-08-21 11:25:00,2025-08-21 11:41:00,59.0,16.0
AI130,Mumbai,Arrival,2025-08-20,London (LHR),Mumbai (BOM),2025-08-20 21:05:00,2025-08-20 22:01:00,2025-08-20 11:25:00,2025-08-20 11:27:00,56.0,2.0
AI130,Mumbai,Arrival,2025-08-19,London (LHR),Mumbai (BOM),,,,2025-08-19 03:44:00,,
AI130,Mumbai,Arrival,2025-08-19,London (LHR),Mumbai (BOM),2025-08-19 22:10:00,2025-08-19 23:02:00,2025-08-19 12:30:00,2025-08-19 12:33:00,52.0,3.0
AI130,Mumbai,Arrival,2025-08-18,London (LHR),Mumbai (BOM),2025-08-18 21:05:00,2025-08-18 22:11:00,2025-08-18 11:25:00,2025-08-18 11:42:00,66.0,17.0
AI130,Mumbai,Arrival,2025-08-17,London (LHR),Mumbai (BOM),2025-08-17 21:05:00,2025-08-17 21:35:00,2025-08-17 11:25:00,2025-08-17 11:34:00,30.0,9.0
6E6267,Mumbai,Arrival,2025-08-24,Ahmedabad (AMD),Mumbai (BOM),2025-08-24 10:55:00,2025-08-24 11:18:00,2025-08-24 12:25:00,2025-08-24 12:18:00,23.0,-7.0
6E6267,Mumbai,Arrival,2025-08-23,Ahmedabad (AMD),Mumbai (BOM),2025-08-23 10:55:00,2025-08-23 11:04:00,2025-08-23 12:25:00,2025-08-23 12:12:00,9.0,-13.0
6E6267,Mumbai,Arrival,2025-08-22,Ahmedabad (AMD),Mumbai (BOM),2025-08-22 10:55:00,2025-08-22 11:04:00,2025-08-22 12:25:00,2025-08-22 12:14:00,9.0,-11.0
6E6267,Mumbai,Arrival,2025-08-21,Ahmedabad (AMD),Mumbai (BOM),2025-08-21 10:55:00,2025-08-21 11:16:00,2025-08-21 12:25:00,2025-08-21 12:15:00,21.0,-10.0
6E6267,Mumbai,Arrival,2025-08-20,Ahmedabad (AMD),Mumbai (BOM),2025-08-20 10:55:00,2025-08-20 11:47:00,2025-08-20 12:25:00,2025-08-20 12:52:00,52.0,27.0
6E6267,Mumbai,Arrival,2025-08-19,Ahmedabad (AMD),Mumbai (BOM),2025-08-19 10:55:00,2025-08-19 13:50:00,2025-08-19 12:25:00,2025-08-19 15:05:00,175.0,160.0
6E6267,Mumbai,Arrival,2025-08-19,Ahmedabad (AMD),Mumbai (BOM),2025-08-19 10:55:00,2025-08-19 11:42:00,2025-08-19 12:25:00,2025-08-19 12:44:00,47.0,19.0
6E6267,Mumbai,Arrival,2025-08-18,Ahmedabad (AMD),Mumbai (BOM),2025-08-18 10:55:00,2025-08-18 11:48:00,2025-08-18 12:25:00,2025-08-18 13:04:00,53.0,39.0
6E6022,Delhi,Departure,2025-08-24,Delhi (DEL),Mumbai (BOM),2025-08-24 14:15:00,2025-08-24 15:06:00,2025-08-24 16:35:00,2025-08-24 16:55:00,51.0,20.0
6E6022,Delhi,Departure,2025-08-23,Delhi (DEL),Mumbai (BOM),2025-08-23 14:15:00,2025-08-23 15:05:00,2025-08-23 16:35:00,2025-08-23 16:55:00,50.0,20.0
6E6022,Delhi,Departure,2025-08-22,Delhi (DEL),Mumbai (BOM),2025-08-22 14:15:00,2025-08-22 14:44:00,2025-08-22 16:35:00,2025-08-22 16:34:00,29.0,-1.0
6E6022,Delhi,Departure,2025-08-21,Delhi (DEL),Mumbai (BOM),2025-08-21 14:15:00,2025-08-21 14:57:00,2025-08-21 16:35:00,2025-08-21 16:43:00,42.0,8.0
6E6022,Delhi,Departure,2025-08-20,Delhi (DEL),Mumbai (BOM),2025-08-20 14:15:00,2025-08-20 14:35:00,2025-08-20 16:35:00,2025-08-20 16:38:00,20.0,3.0
6E6022,Delhi,Departure,2025-08-19,Delhi (DEL),Mumbai (BOM),2025-08-19 14:15:00,2025-08-19 15:06:00,2025-08-19 16:35:00,2025-08-19 16:57:00,51.0,22.0
6E6022,Delhi,Departure,2025-08-18,Delhi (DEL),Mumbai (BOM),2025-08-18 14:15:00,2025-08-18 14:39:00,2025-08-18 16:35:00,2025-08-18 16:38:00,24.0,3.0
6E5351,Mumbai,Arrival,2025-08-24,Bengaluru (BLR),Mumbai (BOM),2025-08-24 15:25:00,2025-08-24 15:32:00,2025-08-24 17:10:00,2025-08-24 16:53:00,7.0,-17.0
6E5351,Mumbai,Arrival,2025-08-23,Bengaluru (BLR),Mumbai (BOM),2025-08-23 15:25:00,2025-08-23 15:27:00,2025-08-23 17:10:00,2025-08-23 16:45:00,2.0,-25.0
6E5351,Mumbai,Arrival,2025-08-22,Bengaluru (BLR),Mumbai (BOM),2025-08-22 15:25:00,2025-08-22 15:36:00,2025-08-22 17:10:00,2025-08-22 17:04:00,11.0,-6.0
6E5351,Mumbai,Arrival,2025-08-21,Bengaluru (BLR),Mumbai (BOM),2025-08-21 15:25:00,2025-08-21 15:27:00,2025-08-21 17:10:00,2025-08-21 16:46:00,2.0,-24.0
6E5351,Mumbai,Arrival,2025-08-20,Bengaluru (BLR),Mumbai (BOM),2025-08-20 15:25:00,2025-08-20 15:52:00,2025-08-20 17:10:00,2025-08-20 17:15:00,27.0,5.0
6E5351,Mumbai,Arrival,2025-08-19,Bengaluru (BLR),Mumbai (BOM),2025-08-19 15:25:00,2025-08-19 17:18:00,2025-08-19 17:10:00,2025-08-19 18:37:00,113.0,87.0
6E5351,Mumbai,Arrival,2025-08-18,Bengaluru (BLR),Mumbai (BOM),2025-08-18 15:25:00,2025-08-18 17:21:00,2025-08-18 17:10:00,2025-08-18 18:36:00,116.0,86.0
6E5031,Mumbai,Arrival,2025-08-23,Bengaluru (BLR),Mumbai (BOM),2025-08-23 16:50:00,2025-08-23 16:54:00,2025-08-23 18:40:00,2025-08-23 18:09:00,4.0,-31.0
6E5031,Mumbai,Arrival,2025-08-22,Bengaluru (BLR),Mumbai (BOM),2025-08-22 16:50:00,2025-08-22 16:51:00,2025-08-22 18:40:00,2025-08-22 18:20:00,1.0,-20.0
6E5031,Mumbai,Arrival,2025-08-21,Bengaluru (BLR),Mumbai (BOM),2025-08-21 16:50:00,2025-08-21 16:59:00,2025-08-21 18:40:00,2025-08-21 18:11:00,9.0,-29.0
6E5031,Mumbai,Arrival,2025-08-20,Bengaluru (BLR),Mumbai (BOM),2025-08-20 16:50:00,2025-08-20 17:30:00,2025-08-20 18:40:00,2025-08-20 18:43:00,40.0,3.0
6E5031,Mumbai,Arrival,2025-08-19,Bengaluru (BLR),Mumbai (BOM),2025-08-19 16:50:00,2025-08-19 18:31:00,2025-08-19 18:40:00,2025-08-19 19:47:00,101.0,67.0
6E5031,Mumbai,Arrival,2025-08-18,Bengaluru (BLR),Mumbai (BOM),2025-08-18 16:50:00,2025-08-18 18:14:00,2025-08-18 18:40:00,2025-08-18 19:39:00,84.0,59.0
6E5031,Mumbai,Arrival,2025-08-17,Bengaluru (BLR),Mumbai (BOM),2025-08-17 16:50:00,2025-08-17 17:05:00,2025-08-17 18:40:00,2025-08-17 18:27:00,15.0,-13.0
AI2746,Mumbai,Arrival,2025-08-23,Goa (GOI),Mumbai (BOM),2025-08-23 17:30:00,2025-08-23 17:51:00,2025-08-23 19:05:00,2025-08-23 18:50:00,21.0,-15.0
AI2746,Mumbai,Arrival,2025-08-22,Goa (GOI),Mumbai (BOM),2025-08-22 17:30:00,2025-08-22 17:48:00,2025-08-22 19:05:00,2025-08-22 18:47:00,18.0,-18.0
AI2746,Mumbai,Arrival,2025-08-20,Goa (GOI),Mumbai (BOM),2025-08-20 17:30:00,2025-08-20 18:00:00,2025-08-20 19:05:00,2025-08-20 19:04:00,30.0,-1.0
AI2746,Mumbai,Arrival,2025-08-19,Goa (GOI),Mumbai (BOM),2025-08-19 17:30:00,2025-08-19 18:54:00,2025-08-19 19:10:00,2025-08-19 19:50:00,84.0,40.0
AI2746,Mumbai,Arrival,2025-08-18,Goa (GOI),Mumbai (BOM),2025-08-18 17:30:00,2025-08-18 18:05:00,2025-08-18 19:10:00,2025-08-18 19:06:00,35.0,-4.0
AI2746,Mumbai,Arrival,2025-08-17,Goa (GOI),Mumbai (BOM),2025-08-17 17:30:00,2025-08-17 17:55:00,2025-08-17 19:05:00,2025-08-17 18:46:00,25.0,-19.0
6E5255,Mumbai,Arrival,2025-08-23,Bengaluru (BLR),Mumbai (BOM),2025-08-23 18:10:00,2025-08-23 18:06:00,2025-08-23 20:00:00,2025-08-23 19:24:00,-4.0,-36.0
6E5255,Mumbai,Arrival,2025-08-22,Bengaluru (BLR),Mumbai (BOM),2025-08-22 18:10:00,2025-08-22 18:17:00,2025-08-22 20:00:00,2025-08-22 19:43:00,7.0,-17.0
6E5255,Mumbai,Arrival,2025-08-21,Bengaluru (BLR),Mumbai (BOM),2025-08-21 18:10:00,2025-08-21 18:22:00,2025-08-21 20:00:00,2025-08-21 19:34:00,12.0,-26.0
6E5255,Mumbai,Arrival,2025-08-20,Bengaluru (BLR),Mumbai (BOM),2025-08-20 18:10:00,2025-08-20 18:20:00,2025-08-20 20:00:00,2025-08-20 19:40:00,10.0,-20.0
6E5255,Mumbai,Arrival,2025-08-19,Bengaluru (BLR),Mumbai (BOM),2025-08-19 18:10:00,,2025-08-19 20:00:00,,,
6E5255,Mumbai,Arrival,2025-08-18,Bengaluru (BLR),Mumbai (BOM),2025-08-18 18:10:00,2025-08-18 19:05:00,2025-08-18 20:00:00,2025-08-18 20:43:00,55.0,43.0
6E5255,Mumbai,Arrival,2025-08-17,Bengaluru (BLR),Mumbai (BOM),2025-08-17 18:10:00,2025-08-17 18:43:00,2025-08-17 20:00:00,2025-08-17 20:01:00,33.0,1.0
